Input.video1,Input.video2,Input.video3,Input.video4,Input.video5,Input.action1,Input.action2,Input.action3,Input.action4,Input.action5,Input.reason1,Input.reason2,Input.reason3,Input.reason4,Input.reason5,Answer.category1.labels,Answer.category2.labels,Answer.category3.labels,Answer.category4.labels,Answer.category5.labels,Answer.others1,Answer.others2,Answer.others3,Answer.others4,Answer.others5,Answer.confidence1.high.on,Answer.confidence2.high.on,Answer.confidence3.high.on,Answer.confidence4.high.on,Answer.confidence5.high.on,Answer.why1,Answer.why2,Answer.why3,Answer.why4,Answer.why5,Answer.comment1,Answer.comment2,Answer.comment3,Answer.comment4,Answer.comment5
https://github.com/OanaIgnat/miniclips/blob/main/no_check/DwtDuMfk-Ag+0:00:39+0:01:06.mp4?raw=true,https://github.com/OanaIgnat/miniclips/blob/main/no_check/9Loa80c6Rbk+0:00:00+0:00:26.mp4?raw=true,https://github.com/OanaIgnat/miniclips/blob/main/no_check/XeffMQh4Ts4+0:03:35+0:04:07.mp4?raw=true,https://github.com/OanaIgnat/miniclips/blob/main/no_check/bZxd6RuCyFc+0:07:29+0:08:07.mp4?raw=true,https://github.com/OanaIgnat/miniclips/blob/main/spam_check/spam_video1.mp4?raw=true,writing,sleeping,falling,selling,cleaning,"['create novel', 'create music', 'plan the day', 'remember', 'famous', 'express yourself', 'I cannot find any reason mentioned verbally or shown visually in the video']","['get up early next day', 'sleepy', 'keep warm', 'need to restore energy', 'you are tired', 'I cannot find any reason mentioned verbally or shown visually in the video']","['rush', 'tired', 'accident', 'ladder broke', 'tripped', 'makeup fell', 'objects fall', 'I cannot find any reason mentioned verbally or shown visually in the video']","['does not use items as much', 'get money', 'enjoy', 'work', 'I cannot find any reason mentioned verbally or shown visually in the video']","['remove mask', 'clean arms and chest', 'put on mask', 'cleanse face', 'other (please write them in the provided box)']",['express yourself'],['I cannot find any reason mentioned verbally or shown visually in the video'],['makeup fell'],['does not use items as much'],['cleanse face'],none,none,none,none,none,True,True,True,True,True,mentioned,mentioned,mentioned,mentioned,shown,none,none,none,none,none
https://github.com/OanaIgnat/miniclips/blob/main/no_check/DwtDuMfk-Ag+0:00:39+0:01:06.mp4?raw=true,https://github.com/OanaIgnat/miniclips/blob/main/no_check/9Loa80c6Rbk+0:00:00+0:00:26.mp4?raw=true,https://github.com/OanaIgnat/miniclips/blob/main/no_check/XeffMQh4Ts4+0:03:35+0:04:07.mp4?raw=true,https://github.com/OanaIgnat/miniclips/blob/main/no_check/bZxd6RuCyFc+0:07:29+0:08:07.mp4?raw=true,https://github.com/OanaIgnat/miniclips/blob/main/spam_check/spam_video1.mp4?raw=true,writing,sleeping,falling,selling,cleaning,"['create novel', 'create music', 'plan the day', 'remember', 'famous', 'express yourself', 'I cannot find any reason mentioned verbally or shown visually in the video']","['get up early next day', 'sleepy', 'keep warm', 'need to restore energy', 'you are tired', 'I cannot find any reason mentioned verbally or shown visually in the video']","['rush', 'tired', 'accident', 'ladder broke', 'tripped', 'makeup fell', 'objects fall', 'I cannot find any reason mentioned verbally or shown visually in the video']","['does not use items as much', 'get money', 'enjoy', 'work', 'I cannot find any reason mentioned verbally or shown visually in the video']","['remove mask', 'clean arms and chest', 'put on mask', 'cleanse face', 'other (please write them in the provided box)']",['create music'],['keep warm'],['makeup fell'],['enjoy'],['cleanse face'],none,none,none,none,none,True,True,True,True,True,shown,shown,shown,shown,shown,good,good,good,good,good
https://github.com/OanaIgnat/miniclips/blob/main/no_check/DwtDuMfk-Ag+0:00:39+0:01:06.mp4?raw=true,https://github.com/OanaIgnat/miniclips/blob/main/no_check/9Loa80c6Rbk+0:00:00+0:00:26.mp4?raw=true,https://github.com/OanaIgnat/miniclips/blob/main/no_check/XeffMQh4Ts4+0:03:35+0:04:07.mp4?raw=true,https://github.com/OanaIgnat/miniclips/blob/main/no_check/bZxd6RuCyFc+0:07:29+0:08:07.mp4?raw=true,https://github.com/OanaIgnat/miniclips/blob/main/spam_check/spam_video1.mp4?raw=true,writing,sleeping,falling,selling,cleaning,"['create novel', 'create music', 'plan the day', 'remember', 'famous', 'express yourself', 'I cannot find any reason mentioned verbally or shown visually in the video']","['get up early next day', 'sleepy', 'keep warm', 'need to restore energy', 'you are tired', 'I cannot find any reason mentioned verbally or shown visually in the video']","['rush', 'tired', 'accident', 'ladder broke', 'tripped', 'makeup fell', 'objects fall', 'I cannot find any reason mentioned verbally or shown visually in the video']","['does not use items as much', 'get money', 'enjoy', 'work', 'I cannot find any reason mentioned verbally or shown visually in the video']","['remove mask', 'clean arms and chest', 'put on mask', 'cleanse face', 'other (please write them in the provided box)']",['I cannot find any reason mentioned verbally or shown visually in the video'],['I cannot find any reason mentioned verbally or shown visually in the video'],['I cannot find any reason mentioned verbally or shown visually in the video'],"['does not use items as much', 'get money']",['cleanse face'],none,none,none,none,none,True,True,True,True,True,shown,shown,shown,shown,shown,none,none,none,none,none
https://github.com/OanaIgnat/miniclips/blob/main/no_check/nUaGyBiDUr4+0:00:20+0:00:43.mp4?raw=true,https://github.com/OanaIgnat/miniclips/blob/main/no_check/o3ZBLmFKbvA+0:07:27+0:07:52.mp4?raw=true,https://github.com/OanaIgnat/miniclips/blob/main/no_check/Ay_U07nUWAM+0:03:04+0:03:39.mp4?raw=true,https://github.com/OanaIgnat/miniclips/blob/main/no_check/Wc0dVP57fXc+0:06:39+0:07:11.mp4?raw=true,https://github.com/OanaIgnat/miniclips/blob/main/spam_check/spam_video1.mp4?raw=true,thanking,listening,remembering,switching,cleaning,"['grateful', 'feel good', 'appreciate', 'helped', 'I cannot find any reason mentioned verbally or shown visually in the video']","['listen to music', 'be productive', 'learn', 'obey', 'enjoy', 'hear what saying', 'I cannot find any reason mentioned verbally or shown visually in the video']","['was memorable', 'was interesting', 'learn from', 'use later', 'I cannot find any reason mentioned verbally or shown visually in the video']","['fickle', 'change your mind', 'exciting', 'fun', 'make improvement', 'do not like', 'I cannot find any reason mentioned verbally or shown visually in the video']","['remove mask', 'clean arms and chest', 'put on mask', 'cleanse face', 'other (please write them in the provided box)']","['appreciate', 'grateful', 'helped']","['enjoy', 'listen to music']",['was memorable'],['I cannot find any reason mentioned verbally or shown visually in the video'],['cleanse face'],none,none,none,none,none,True,True,True,True,True,both,mentioned,mentioned,mentioned,both,none,none,none,none,none
https://github.com/OanaIgnat/miniclips/blob/main/no_check/dPbO_ZcRZOo+0:09:46+0:10:19.mp4?raw=true,https://github.com/OanaIgnat/miniclips/blob/main/no_check/c4LVU3qxdGA+0:02:12+0:02:50.mp4?raw=true,https://github.com/OanaIgnat/miniclips/blob/main/no_check/3F0qJ5I6pw8+0:00:20+0:00:39.mp4?raw=true,https://github.com/OanaIgnat/miniclips/blob/main/no_check/PR1zu4oGX6c+0:05:24+0:06:01.mp4?raw=true,https://github.com/OanaIgnat/miniclips/blob/main/spam_check/spam_video1.mp4?raw=true,buying,walking,shopping,painting,cleaning,"['replace broken', 'habit', 'worth it', 'enjoy', 'need', 'I cannot find any reason mentioned verbally or shown visually in the video']","['exercise', 'to clean up', 'want to relax', 'enjoyable', 'go somewhere', 'I cannot find any reason mentioned verbally or shown visually in the video']","['buy necessary things', 'buy new things', 'enjoy', 'bored', 'I cannot find any reason mentioned verbally or shown visually in the video']","['create art', 'express yourself', 'enhance appearance', 'DYI craft project', 'feel creative', 'change colors in home', 'enjoy', 'clean walls', 'I cannot find any reason mentioned verbally or shown visually in the video']","['remove mask', 'clean arms and chest', 'put on mask', 'cleanse face', 'other (please write them in the provided box)']",['need'],['go somewhere'],['enjoy'],['enhance appearance'],"['cleanse face', 'put on mask']",none,none,none,none,none,True,True,True,True,True,mentioned,mentioned,mentioned,mentioned,both,none,none,none,none,none
https://github.com/OanaIgnat/miniclips/blob/main/no_check/dPbO_ZcRZOo+0:09:46+0:10:19.mp4?raw=true,https://github.com/OanaIgnat/miniclips/blob/main/no_check/c4LVU3qxdGA+0:02:12+0:02:50.mp4?raw=true,https://github.com/OanaIgnat/miniclips/blob/main/no_check/3F0qJ5I6pw8+0:00:20+0:00:39.mp4?raw=true,https://github.com/OanaIgnat/miniclips/blob/main/no_check/PR1zu4oGX6c+0:05:24+0:06:01.mp4?raw=true,https://github.com/OanaIgnat/miniclips/blob/main/spam_check/spam_video1.mp4?raw=true,buying,walking,shopping,painting,cleaning,"['replace broken', 'habit', 'worth it', 'enjoy', 'need', 'I cannot find any reason mentioned verbally or shown visually in the video']","['exercise', 'to clean up', 'want to relax', 'enjoyable', 'go somewhere', 'I cannot find any reason mentioned verbally or shown visually in the video']","['buy necessary things', 'buy new things', 'enjoy', 'bored', 'I cannot find any reason mentioned verbally or shown visually in the video']","['create art', 'express yourself', 'enhance appearance', 'DYI craft project', 'feel creative', 'change colors in home', 'enjoy', 'clean walls', 'I cannot find any reason mentioned verbally or shown visually in the video']","['remove mask', 'clean arms and chest', 'put on mask', 'cleanse face', 'other (please write them in the provided box)']",['replace broken'],['enjoyable'],['buy new things'],"['DYI craft project', 'express yourself']",['cleanse face'],none,none,none,none,none,False,False,True,False,True,both,both,both,both,both,NICE HIT,NICE HIT,NICE HIT,NICE HIT,NICE HIT
https://github.com/OanaIgnat/miniclips/blob/main/no_check/dPbO_ZcRZOo+0:09:46+0:10:19.mp4?raw=true,https://github.com/OanaIgnat/miniclips/blob/main/no_check/c4LVU3qxdGA+0:02:12+0:02:50.mp4?raw=true,https://github.com/OanaIgnat/miniclips/blob/main/no_check/3F0qJ5I6pw8+0:00:20+0:00:39.mp4?raw=true,https://github.com/OanaIgnat/miniclips/blob/main/no_check/PR1zu4oGX6c+0:05:24+0:06:01.mp4?raw=true,https://github.com/OanaIgnat/miniclips/blob/main/spam_check/spam_video1.mp4?raw=true,buying,walking,shopping,painting,cleaning,"['replace broken', 'habit', 'worth it', 'enjoy', 'need', 'I cannot find any reason mentioned verbally or shown visually in the video']","['exercise', 'to clean up', 'want to relax', 'enjoyable', 'go somewhere', 'I cannot find any reason mentioned verbally or shown visually in the video']","['buy necessary things', 'buy new things', 'enjoy', 'bored', 'I cannot find any reason mentioned verbally or shown visually in the video']","['create art', 'express yourself', 'enhance appearance', 'DYI craft project', 'feel creative', 'change colors in home', 'enjoy', 'clean walls', 'I cannot find any reason mentioned verbally or shown visually in the video']","['remove mask', 'clean arms and chest', 'put on mask', 'cleanse face', 'other (please write them in the provided box)']","['enjoy', 'replace broken', 'worth it']","['enjoyable', 'want to relax']",['buy new things'],"['change colors in home', 'enhance appearance', 'feel creative']","['cleanse face', 'put on mask']",none,none,none,none,none,True,False,False,True,False,mentioned,shown,both,mentioned,both,none,none,none,none,none
https://github.com/OanaIgnat/miniclips/blob/main/no_check/63QxC2B39HU+0:09:30+0:09:50.mp4?raw=true,https://github.com/OanaIgnat/miniclips/blob/main/no_check/Bp8LeQ_MMfE+0:01:37+0:01:58.mp4?raw=true,https://github.com/OanaIgnat/miniclips/blob/main/no_check/MkDAcIdBE9g+0:02:02+0:02:24.mp4?raw=true,https://github.com/OanaIgnat/miniclips/blob/main/no_check/5DmrIVhC5E4+0:02:22+0:02:56.mp4?raw=true,https://github.com/OanaIgnat/miniclips/blob/main/spam_check/spam_video1.mp4?raw=true,buying,walking,shopping,relaxing,cleaning,"['replace broken', 'habit', 'worth it', 'enjoy', 'need', 'I cannot find any reason mentioned verbally or shown visually in the video']","['exercise', 'to clean up', 'want to relax', 'enjoyable', 'go somewhere', 'I cannot find any reason mentioned verbally or shown visually in the video']","['buy necessary things', 'buy new things', 'enjoy', 'bored', 'I cannot find any reason mentioned verbally or shown visually in the video']","['have done good job', 'healthy', 'self care', 'help sleep', 'reduce stress', 'recover energy', 'I cannot find any reason mentioned verbally or shown visually in the video']","['remove mask', 'clean arms and chest', 'put on mask', 'cleanse face', 'other (please write them in the provided box)']","['enjoy', 'need']",['go somewhere'],"['buy new things', 'enjoy']",['reduce stress'],['cleanse face'],none,none,none,none,none,True,False,True,True,True,mentioned,mentioned,both,both,both,none,none,none,none,none
https://github.com/OanaIgnat/miniclips/blob/main/no_check/63QxC2B39HU+0:09:30+0:09:50.mp4?raw=true,https://github.com/OanaIgnat/miniclips/blob/main/no_check/Bp8LeQ_MMfE+0:01:37+0:01:58.mp4?raw=true,https://github.com/OanaIgnat/miniclips/blob/main/no_check/MkDAcIdBE9g+0:02:02+0:02:24.mp4?raw=true,https://github.com/OanaIgnat/miniclips/blob/main/no_check/5DmrIVhC5E4+0:02:22+0:02:56.mp4?raw=true,https://github.com/OanaIgnat/miniclips/blob/main/spam_check/spam_video1.mp4?raw=true,buying,walking,shopping,relaxing,cleaning,"['replace broken', 'habit', 'worth it', 'enjoy', 'need', 'I cannot find any reason mentioned verbally or shown visually in the video']","['exercise', 'to clean up', 'want to relax', 'enjoyable', 'go somewhere', 'I cannot find any reason mentioned verbally or shown visually in the video']","['buy necessary things', 'buy new things', 'enjoy', 'bored', 'I cannot find any reason mentioned verbally or shown visually in the video']","['have done good job', 'healthy', 'self care', 'help sleep', 'reduce stress', 'recover energy', 'I cannot find any reason mentioned verbally or shown visually in the video']","['remove mask', 'clean arms and chest', 'put on mask', 'cleanse face', 'other (please write them in the provided box)']",['I cannot find any reason mentioned verbally or shown visually in the video'],['I cannot find any reason mentioned verbally or shown visually in the video'],['buy new things'],['I cannot find any reason mentioned verbally or shown visually in the video'],['cleanse face'],none,none,none,none,none,False,True,True,False,True,both,both,both,both,both,NICE HIT,NICE HIT,NICE HIT,NICE HIT,NICE HIT
https://github.com/OanaIgnat/miniclips/blob/main/no_check/63QxC2B39HU+0:09:30+0:09:50.mp4?raw=true,https://github.com/OanaIgnat/miniclips/blob/main/no_check/Bp8LeQ_MMfE+0:01:37+0:01:58.mp4?raw=true,https://github.com/OanaIgnat/miniclips/blob/main/no_check/MkDAcIdBE9g+0:02:02+0:02:24.mp4?raw=true,https://github.com/OanaIgnat/miniclips/blob/main/no_check/5DmrIVhC5E4+0:02:22+0:02:56.mp4?raw=true,https://github.com/OanaIgnat/miniclips/blob/main/spam_check/spam_video1.mp4?raw=true,buying,walking,shopping,relaxing,cleaning,"['replace broken', 'habit', 'worth it', 'enjoy', 'need', 'I cannot find any reason mentioned verbally or shown visually in the video']","['exercise', 'to clean up', 'want to relax', 'enjoyable', 'go somewhere', 'I cannot find any reason mentioned verbally or shown visually in the video']","['buy necessary things', 'buy new things', 'enjoy', 'bored', 'I cannot find any reason mentioned verbally or shown visually in the video']","['have done good job', 'healthy', 'self care', 'help sleep', 'reduce stress', 'recover energy', 'I cannot find any reason mentioned verbally or shown visually in the video']","['remove mask', 'clean arms and chest', 'put on mask', 'cleanse face', 'other (please write them in the provided box)']","['enjoy', 'replace broken']",['enjoyable'],"['buy necessary things', 'enjoy']","['have done good job', 'reduce stress']","['cleanse face', 'put on mask']",none,none,none,none,none,True,True,True,True,True,mentioned,mentioned,mentioned,mentioned,both,none,none,none,none,none
https://github.com/OanaIgnat/miniclips/blob/main/no_check/ed93-q7sfaw+0:07:01+0:07:36.mp4?raw=true,https://github.com/OanaIgnat/miniclips/blob/main/no_check/otjBLl3XpuE+0:04:10+0:04:37.mp4?raw=true,https://github.com/OanaIgnat/miniclips/blob/main/no_check/4uDhdpDcqhs+0:05:31+0:05:54.mp4?raw=true,https://github.com/OanaIgnat/miniclips/blob/main/no_check/tnv74LYpePc+0:00:49+0:02:24.mp4?raw=true,https://github.com/OanaIgnat/miniclips/blob/main/spam_check/spam_video1.mp4?raw=true,buying,cooking,travelling,driving,cleaning,"['replace broken', 'habit', 'worth it', 'enjoy', 'need', 'I cannot find any reason mentioned verbally or shown visually in the video']","['improve skills', 'make meal', 'hungry', 'be healthy', 'I cannot find any reason mentioned verbally or shown visually in the video']","['visit people', 'vacation', 'experience different culture', 'work', 'I cannot find any reason mentioned verbally or shown visually in the video']","['get someplace', 'use gas', 'relax', 'do chores', 'I cannot find any reason mentioned verbally or shown visually in the video']","['remove mask', 'clean arms and chest', 'put on mask', 'cleanse face', 'other (please write them in the provided box)']",['need'],"['be healthy', 'make meal']",['I cannot find any reason mentioned verbally or shown visually in the video'],['I cannot find any reason mentioned verbally or shown visually in the video'],"['cleanse face', 'put on mask']",none,none,none,none,none,True,True,True,True,True,mentioned,both,mentioned,mentioned,mentioned,none,none,none,none,none
https://github.com/OanaIgnat/miniclips/blob/main/no_check/ed93-q7sfaw+0:07:01+0:07:36.mp4?raw=true,https://github.com/OanaIgnat/miniclips/blob/main/no_check/otjBLl3XpuE+0:04:10+0:04:37.mp4?raw=true,https://github.com/OanaIgnat/miniclips/blob/main/no_check/4uDhdpDcqhs+0:05:31+0:05:54.mp4?raw=true,https://github.com/OanaIgnat/miniclips/blob/main/no_check/tnv74LYpePc+0:00:49+0:02:24.mp4?raw=true,https://github.com/OanaIgnat/miniclips/blob/main/spam_check/spam_video1.mp4?raw=true,buying,cooking,travelling,driving,cleaning,"['replace broken', 'habit', 'worth it', 'enjoy', 'need', 'I cannot find any reason mentioned verbally or shown visually in the video']","['improve skills', 'make meal', 'hungry', 'be healthy', 'I cannot find any reason mentioned verbally or shown visually in the video']","['visit people', 'vacation', 'experience different culture', 'work', 'I cannot find any reason mentioned verbally or shown visually in the video']","['get someplace', 'use gas', 'relax', 'do chores', 'I cannot find any reason mentioned verbally or shown visually in the video']","['remove mask', 'clean arms and chest', 'put on mask', 'cleanse face', 'other (please write them in the provided box)']",['I cannot find any reason mentioned verbally or shown visually in the video'],['make meal'],['I cannot find any reason mentioned verbally or shown visually in the video'],['I cannot find any reason mentioned verbally or shown visually in the video'],['cleanse face'],none,none,none,none,none,True,True,True,True,True,both,both,both,both,both,NICE HIT,NICE HIT,NICE HIT,NICE HIT,NICE HIT
https://github.com/OanaIgnat/miniclips/blob/main/no_check/ed93-q7sfaw+0:07:01+0:07:36.mp4?raw=true,https://github.com/OanaIgnat/miniclips/blob/main/no_check/otjBLl3XpuE+0:04:10+0:04:37.mp4?raw=true,https://github.com/OanaIgnat/miniclips/blob/main/no_check/4uDhdpDcqhs+0:05:31+0:05:54.mp4?raw=true,https://github.com/OanaIgnat/miniclips/blob/main/no_check/tnv74LYpePc+0:00:49+0:02:24.mp4?raw=true,https://github.com/OanaIgnat/miniclips/blob/main/spam_check/spam_video1.mp4?raw=true,buying,cooking,travelling,driving,cleaning,"['replace broken', 'habit', 'worth it', 'enjoy', 'need', 'I cannot find any reason mentioned verbally or shown visually in the video']","['improve skills', 'make meal', 'hungry', 'be healthy', 'I cannot find any reason mentioned verbally or shown visually in the video']","['visit people', 'vacation', 'experience different culture', 'work', 'I cannot find any reason mentioned verbally or shown visually in the video']","['get someplace', 'use gas', 'relax', 'do chores', 'I cannot find any reason mentioned verbally or shown visually in the video']","['remove mask', 'clean arms and chest', 'put on mask', 'cleanse face', 'other (please write them in the provided box)']",['I cannot find any reason mentioned verbally or shown visually in the video'],"['be healthy', 'make meal']",['I cannot find any reason mentioned verbally or shown visually in the video'],['do chores'],['cleanse face'],none,none,none,none,none,True,True,True,True,True,both,both,both,both,both,none,none,none,none,none
https://github.com/OanaIgnat/miniclips/blob/main/no_check/BbN3Dn6kza4+0:04:49+0:05:12.mp4?raw=true,https://github.com/OanaIgnat/miniclips/blob/main/no_check/GbjytkiJY5c+0:03:24+0:04:34.mp4?raw=true,https://github.com/OanaIgnat/miniclips/blob/main/no_check/37yLwIfxq5I+0:00:30+0:01:12.mp4?raw=true,https://github.com/OanaIgnat/miniclips/blob/main/no_check/ER53aN7YkpE+0:11:32+0:12:01.mp4?raw=true,https://github.com/OanaIgnat/miniclips/blob/main/spam_check/spam_video2.mp4?raw=true,sleeping,walking,shopping,painting,cleaning,"['get up early next day', 'sleepy', 'keep warm', 'need to restore energy', 'you are tired', 'I cannot find any reason mentioned verbally or shown visually in the video']","['exercise', 'to clean up', 'want to relax', 'enjoyable', 'go somewhere', 'I cannot find any reason mentioned verbally or shown visually in the video']","['buy necessary things', 'buy new things', 'enjoy', 'bored', 'I cannot find any reason mentioned verbally or shown visually in the video']","['create art', 'express yourself', 'enhance appearance', 'DYI craft project', 'feel creative', 'change colors in home', 'enjoy', 'clean walls', 'I cannot find any reason mentioned verbally or shown visually in the video']","['remove mask', 'clean arms and chest', 'put on mask', 'cleanse face', 'other (please write them in the provided box)']",['I cannot find any reason mentioned verbally or shown visually in the video'],['I cannot find any reason mentioned verbally or shown visually in the video'],['buy new things'],"['change colors in home', 'enhance appearance', 'feel creative']",['cleanse face'],none,none,none,none,none,True,True,True,True,True,both,both,both,both,both,none,none,none,none,none
https://github.com/OanaIgnat/miniclips/blob/main/no_check/BbN3Dn6kza4+0:04:49+0:05:12.mp4?raw=true,https://github.com/OanaIgnat/miniclips/blob/main/no_check/GbjytkiJY5c+0:03:24+0:04:34.mp4?raw=true,https://github.com/OanaIgnat/miniclips/blob/main/no_check/37yLwIfxq5I+0:00:30+0:01:12.mp4?raw=true,https://github.com/OanaIgnat/miniclips/blob/main/no_check/ER53aN7YkpE+0:11:32+0:12:01.mp4?raw=true,https://github.com/OanaIgnat/miniclips/blob/main/spam_check/spam_video2.mp4?raw=true,sleeping,walking,shopping,painting,cleaning,"['get up early next day', 'sleepy', 'keep warm', 'need to restore energy', 'you are tired', 'I cannot find any reason mentioned verbally or shown visually in the video']","['exercise', 'to clean up', 'want to relax', 'enjoyable', 'go somewhere', 'I cannot find any reason mentioned verbally or shown visually in the video']","['buy necessary things', 'buy new things', 'enjoy', 'bored', 'I cannot find any reason mentioned verbally or shown visually in the video']","['create art', 'express yourself', 'enhance appearance', 'DYI craft project', 'feel creative', 'change colors in home', 'enjoy', 'clean walls', 'I cannot find any reason mentioned verbally or shown visually in the video']","['remove mask', 'clean arms and chest', 'put on mask', 'cleanse face', 'other (please write them in the provided box)']",['need to restore energy'],['enjoyable'],['buy new things'],['enjoy'],['cleanse face'],none,none,none,none,none,False,True,True,True,True,mentioned,mentioned,mentioned,mentioned,mentioned,none,none,none,none,none
https://github.com/OanaIgnat/miniclips/blob/main/no_check/BbN3Dn6kza4+0:04:49+0:05:12.mp4?raw=true,https://github.com/OanaIgnat/miniclips/blob/main/no_check/GbjytkiJY5c+0:03:24+0:04:34.mp4?raw=true,https://github.com/OanaIgnat/miniclips/blob/main/no_check/37yLwIfxq5I+0:00:30+0:01:12.mp4?raw=true,https://github.com/OanaIgnat/miniclips/blob/main/no_check/ER53aN7YkpE+0:11:32+0:12:01.mp4?raw=true,https://github.com/OanaIgnat/miniclips/blob/main/spam_check/spam_video2.mp4?raw=true,sleeping,walking,shopping,painting,cleaning,"['get up early next day', 'sleepy', 'keep warm', 'need to restore energy', 'you are tired', 'I cannot find any reason mentioned verbally or shown visually in the video']","['exercise', 'to clean up', 'want to relax', 'enjoyable', 'go somewhere', 'I cannot find any reason mentioned verbally or shown visually in the video']","['buy necessary things', 'buy new things', 'enjoy', 'bored', 'I cannot find any reason mentioned verbally or shown visually in the video']","['create art', 'express yourself', 'enhance appearance', 'DYI craft project', 'feel creative', 'change colors in home', 'enjoy', 'clean walls', 'I cannot find any reason mentioned verbally or shown visually in the video']","['remove mask', 'clean arms and chest', 'put on mask', 'cleanse face', 'other (please write them in the provided box)']",['sleepy'],['want to relax'],['enjoy'],['feel creative'],['cleanse face'],none,none,none,none,none,True,True,False,False,False,shown,shown,shown,shown,shown,none,none,none,none,none
https://github.com/OanaIgnat/miniclips/blob/main/no_check/lHe4bM5K9ns+0:05:26+0:05:47.mp4?raw=true,https://github.com/OanaIgnat/miniclips/blob/main/no_check/Bg7J2TJ_tk8+0:02:45+0:03:10.mp4?raw=true,https://github.com/OanaIgnat/miniclips/blob/main/no_check/5MtlWm3R7ss+0:00:23+0:00:57.mp4?raw=true,https://github.com/OanaIgnat/miniclips/blob/main/no_check/rBl73Th_m-k+0:03:01+0:03:52.mp4?raw=true,https://github.com/OanaIgnat/miniclips/blob/main/spam_check/spam_video3.mp4?raw=true,buying,walking,shopping,relaxing,cleaning,"['replace broken', 'habit', 'worth it', 'enjoy', 'need', 'I cannot find any reason mentioned verbally or shown visually in the video']","['exercise', 'to clean up', 'want to relax', 'enjoyable', 'go somewhere', 'I cannot find any reason mentioned verbally or shown visually in the video']","['buy necessary things', 'buy new things', 'enjoy', 'bored', 'I cannot find any reason mentioned verbally or shown visually in the video']","['have done good job', 'healthy', 'self care', 'help sleep', 'reduce stress', 'recover energy', 'I cannot find any reason mentioned verbally or shown visually in the video']","['remove mask', 'clean arms and chest', 'put on mask', 'cleanse face', 'other (please write them in the provided box)']",['worth it'],['I cannot find any reason mentioned verbally or shown visually in the video'],['enjoy'],['I cannot find any reason mentioned verbally or shown visually in the video'],['put on mask'],none,none,none,none,none,True,True,True,False,True,both,both,both,both,both,NICE HIT,NICE HIT,NICE HIT,NICE HIT,NICE HIT
https://github.com/OanaIgnat/miniclips/blob/main/no_check/lHe4bM5K9ns+0:05:26+0:05:47.mp4?raw=true,https://github.com/OanaIgnat/miniclips/blob/main/no_check/Bg7J2TJ_tk8+0:02:45+0:03:10.mp4?raw=true,https://github.com/OanaIgnat/miniclips/blob/main/no_check/5MtlWm3R7ss+0:00:23+0:00:57.mp4?raw=true,https://github.com/OanaIgnat/miniclips/blob/main/no_check/rBl73Th_m-k+0:03:01+0:03:52.mp4?raw=true,https://github.com/OanaIgnat/miniclips/blob/main/spam_check/spam_video3.mp4?raw=true,buying,walking,shopping,relaxing,cleaning,"['replace broken', 'habit', 'worth it', 'enjoy', 'need', 'I cannot find any reason mentioned verbally or shown visually in the video']","['exercise', 'to clean up', 'want to relax', 'enjoyable', 'go somewhere', 'I cannot find any reason mentioned verbally or shown visually in the video']","['buy necessary things', 'buy new things', 'enjoy', 'bored', 'I cannot find any reason mentioned verbally or shown visually in the video']","['have done good job', 'healthy', 'self care', 'help sleep', 'reduce stress', 'recover energy', 'I cannot find any reason mentioned verbally or shown visually in the video']","['remove mask', 'clean arms and chest', 'put on mask', 'cleanse face', 'other (please write them in the provided box)']",['enjoy'],"['enjoyable', 'exercise']","['buy new things', 'enjoy']",['self care'],"['cleanse face', 'put on mask']",none,none,none,none,none,True,True,True,True,True,mentioned,mentioned,mentioned,mentioned,both,none,none,none,none,none
https://github.com/OanaIgnat/miniclips/blob/main/no_check/lHe4bM5K9ns+0:05:26+0:05:47.mp4?raw=true,https://github.com/OanaIgnat/miniclips/blob/main/no_check/Bg7J2TJ_tk8+0:02:45+0:03:10.mp4?raw=true,https://github.com/OanaIgnat/miniclips/blob/main/no_check/5MtlWm3R7ss+0:00:23+0:00:57.mp4?raw=true,https://github.com/OanaIgnat/miniclips/blob/main/no_check/rBl73Th_m-k+0:03:01+0:03:52.mp4?raw=true,https://github.com/OanaIgnat/miniclips/blob/main/spam_check/spam_video3.mp4?raw=true,buying,walking,shopping,relaxing,cleaning,"['replace broken', 'habit', 'worth it', 'enjoy', 'need', 'I cannot find any reason mentioned verbally or shown visually in the video']","['exercise', 'to clean up', 'want to relax', 'enjoyable', 'go somewhere', 'I cannot find any reason mentioned verbally or shown visually in the video']","['buy necessary things', 'buy new things', 'enjoy', 'bored', 'I cannot find any reason mentioned verbally or shown visually in the video']","['have done good job', 'healthy', 'self care', 'help sleep', 'reduce stress', 'recover energy', 'I cannot find any reason mentioned verbally or shown visually in the video']","['remove mask', 'clean arms and chest', 'put on mask', 'cleanse face', 'other (please write them in the provided box)']",['enjoy'],"['enjoyable', 'exercise']",['buy new things'],"['have done good job', 'reduce stress', 'self care']",['cleanse face'],none,none,none,none,none,True,True,True,False,True,mentioned,mentioned,both,both,both,none,none,none,none,none
https://github.com/OanaIgnat/miniclips/blob/main/no_check/zng8q_-hpPs+0:11:27+0:12:03.mp4?raw=true,https://github.com/OanaIgnat/miniclips/blob/main/no_check/kn812g2dwTY+0:03:39+0:04:32.mp4?raw=true,https://github.com/OanaIgnat/miniclips/blob/main/no_check/TlHYvAMImck+0:03:34+0:04:05.mp4?raw=true,https://github.com/OanaIgnat/miniclips/blob/main/no_check/Gkd7MokLnvU+0:06:16+0:07:20.mp4?raw=true,https://github.com/OanaIgnat/miniclips/blob/main/spam_check/spam_video3.mp4?raw=true,working,sleeping,falling,selling,cleaning,"['feel productive', 'complete job', 'have to', 'need money', 'I cannot find any reason mentioned verbally or shown visually in the video']","['get up early next day', 'sleepy', 'keep warm', 'need to restore energy', 'you are tired', 'I cannot find any reason mentioned verbally or shown visually in the video']","['rush', 'tired', 'accident', 'ladder broke', 'tripped', 'makeup fell', 'objects fall', 'I cannot find any reason mentioned verbally or shown visually in the video']","['does not use items as much', 'get money', 'enjoy', 'work', 'I cannot find any reason mentioned verbally or shown visually in the video']","['remove mask', 'clean arms and chest', 'put on mask', 'cleanse face', 'other (please write them in the provided box)']",['I cannot find any reason mentioned verbally or shown visually in the video'],['I cannot find any reason mentioned verbally or shown visually in the video'],['I cannot find any reason mentioned verbally or shown visually in the video'],['work'],['put on mask'],none,none,none,none,none,False,True,True,True,True,both,both,both,both,both,NICE HIT,NICE HIT,NICE HIT,NICE HIT,NICE HIT
https://github.com/OanaIgnat/miniclips/blob/main/no_check/zng8q_-hpPs+0:11:27+0:12:03.mp4?raw=true,https://github.com/OanaIgnat/miniclips/blob/main/no_check/kn812g2dwTY+0:03:39+0:04:32.mp4?raw=true,https://github.com/OanaIgnat/miniclips/blob/main/no_check/TlHYvAMImck+0:03:34+0:04:05.mp4?raw=true,https://github.com/OanaIgnat/miniclips/blob/main/no_check/Gkd7MokLnvU+0:06:16+0:07:20.mp4?raw=true,https://github.com/OanaIgnat/miniclips/blob/main/spam_check/spam_video3.mp4?raw=true,working,sleeping,falling,selling,cleaning,"['feel productive', 'complete job', 'have to', 'need money', 'I cannot find any reason mentioned verbally or shown visually in the video']","['get up early next day', 'sleepy', 'keep warm', 'need to restore energy', 'you are tired', 'I cannot find any reason mentioned verbally or shown visually in the video']","['rush', 'tired', 'accident', 'ladder broke', 'tripped', 'makeup fell', 'objects fall', 'I cannot find any reason mentioned verbally or shown visually in the video']","['does not use items as much', 'get money', 'enjoy', 'work', 'I cannot find any reason mentioned verbally or shown visually in the video']","['remove mask', 'clean arms and chest', 'put on mask', 'cleanse face', 'other (please write them in the provided box)']","['complete job', 'have to']",['I cannot find any reason mentioned verbally or shown visually in the video'],"['accident', 'objects fall']",['I cannot find any reason mentioned verbally or shown visually in the video'],"['cleanse face', 'put on mask']",none,none,none,none,none,True,True,True,True,True,mentioned,mentioned,both,both,shown,none,none,none,none,none
https://github.com/OanaIgnat/miniclips/blob/main/no_check/zng8q_-hpPs+0:11:27+0:12:03.mp4?raw=true,https://github.com/OanaIgnat/miniclips/blob/main/no_check/kn812g2dwTY+0:03:39+0:04:32.mp4?raw=true,https://github.com/OanaIgnat/miniclips/blob/main/no_check/TlHYvAMImck+0:03:34+0:04:05.mp4?raw=true,https://github.com/OanaIgnat/miniclips/blob/main/no_check/Gkd7MokLnvU+0:06:16+0:07:20.mp4?raw=true,https://github.com/OanaIgnat/miniclips/blob/main/spam_check/spam_video3.mp4?raw=true,working,sleeping,falling,selling,cleaning,"['feel productive', 'complete job', 'have to', 'need money', 'I cannot find any reason mentioned verbally or shown visually in the video']","['get up early next day', 'sleepy', 'keep warm', 'need to restore energy', 'you are tired', 'I cannot find any reason mentioned verbally or shown visually in the video']","['rush', 'tired', 'accident', 'ladder broke', 'tripped', 'makeup fell', 'objects fall', 'I cannot find any reason mentioned verbally or shown visually in the video']","['does not use items as much', 'get money', 'enjoy', 'work', 'I cannot find any reason mentioned verbally or shown visually in the video']","['remove mask', 'clean arms and chest', 'put on mask', 'cleanse face', 'other (please write them in the provided box)']",['complete job'],['you are tired'],['I cannot find any reason mentioned verbally or shown visually in the video'],['I cannot find any reason mentioned verbally or shown visually in the video'],"['cleanse face', 'put on mask']",none,none,none,none,none,True,True,False,True,True,mentioned,mentioned,mentioned,mentioned,both,none,none,none,none,none
https://github.com/OanaIgnat/miniclips/blob/main/no_check/EvurH6sy8do+0:12:30+0:12:49.mp4?raw=true,https://github.com/OanaIgnat/miniclips/blob/main/no_check/khtbXQDfDZg+0:01:25+0:02:11.mp4?raw=true,https://github.com/OanaIgnat/miniclips/blob/main/no_check/W8CHk_HYcv4+0:06:12+0:06:34.mp4?raw=true,https://github.com/OanaIgnat/miniclips/blob/main/no_check/GlEP4nPPp9w+0:03:27+0:03:57.mp4?raw=true,https://github.com/OanaIgnat/miniclips/blob/main/spam_check/spam_video1.mp4?raw=true,buying,walking,shopping,painting,cleaning,"['replace broken', 'habit', 'worth it', 'enjoy', 'need', 'I cannot find any reason mentioned verbally or shown visually in the video']","['exercise', 'to clean up', 'want to relax', 'enjoyable', 'go somewhere', 'I cannot find any reason mentioned verbally or shown visually in the video']","['buy necessary things', 'buy new things', 'enjoy', 'bored', 'I cannot find any reason mentioned verbally or shown visually in the video']","['create art', 'express yourself', 'enhance appearance', 'DYI craft project', 'feel creative', 'change colors in home', 'enjoy', 'clean walls', 'I cannot find any reason mentioned verbally or shown visually in the video']","['remove mask', 'clean arms and chest', 'put on mask', 'cleanse face', 'other (please write them in the provided box)']","['enjoy', 'worth it']",['go somewhere'],"['buy necessary things', 'enjoy']","['change colors in home', 'enhance appearance']","['clean arms and chest', 'cleanse face']",none,none,none,none,none,True,True,True,True,True,mentioned,shown,both,both,shown,none,none,none,none,none
https://github.com/OanaIgnat/miniclips/blob/main/no_check/EvurH6sy8do+0:12:30+0:12:49.mp4?raw=true,https://github.com/OanaIgnat/miniclips/blob/main/no_check/khtbXQDfDZg+0:01:25+0:02:11.mp4?raw=true,https://github.com/OanaIgnat/miniclips/blob/main/no_check/W8CHk_HYcv4+0:06:12+0:06:34.mp4?raw=true,https://github.com/OanaIgnat/miniclips/blob/main/no_check/GlEP4nPPp9w+0:03:27+0:03:57.mp4?raw=true,https://github.com/OanaIgnat/miniclips/blob/main/spam_check/spam_video1.mp4?raw=true,buying,walking,shopping,painting,cleaning,"['replace broken', 'habit', 'worth it', 'enjoy', 'need', 'I cannot find any reason mentioned verbally or shown visually in the video']","['exercise', 'to clean up', 'want to relax', 'enjoyable', 'go somewhere', 'I cannot find any reason mentioned verbally or shown visually in the video']","['buy necessary things', 'buy new things', 'enjoy', 'bored', 'I cannot find any reason mentioned verbally or shown visually in the video']","['create art', 'express yourself', 'enhance appearance', 'DYI craft project', 'feel creative', 'change colors in home', 'enjoy', 'clean walls', 'I cannot find any reason mentioned verbally or shown visually in the video']","['remove mask', 'clean arms and chest', 'put on mask', 'cleanse face', 'other (please write them in the provided box)']",['I cannot find any reason mentioned verbally or shown visually in the video'],['I cannot find any reason mentioned verbally or shown visually in the video'],['buy new things'],['create art'],['cleanse face'],none,none,none,none,none,False,False,True,False,True,both,both,both,both,both,NICE HIT,NICE HIT,NICE HIT,NICE HIT,NICE HIT
https://github.com/OanaIgnat/miniclips/blob/main/no_check/EvurH6sy8do+0:12:30+0:12:49.mp4?raw=true,https://github.com/OanaIgnat/miniclips/blob/main/no_check/khtbXQDfDZg+0:01:25+0:02:11.mp4?raw=true,https://github.com/OanaIgnat/miniclips/blob/main/no_check/W8CHk_HYcv4+0:06:12+0:06:34.mp4?raw=true,https://github.com/OanaIgnat/miniclips/blob/main/no_check/GlEP4nPPp9w+0:03:27+0:03:57.mp4?raw=true,https://github.com/OanaIgnat/miniclips/blob/main/spam_check/spam_video1.mp4?raw=true,buying,walking,shopping,painting,cleaning,"['replace broken', 'habit', 'worth it', 'enjoy', 'need', 'I cannot find any reason mentioned verbally or shown visually in the video']","['exercise', 'to clean up', 'want to relax', 'enjoyable', 'go somewhere', 'I cannot find any reason mentioned verbally or shown visually in the video']","['buy necessary things', 'buy new things', 'enjoy', 'bored', 'I cannot find any reason mentioned verbally or shown visually in the video']","['create art', 'express yourself', 'enhance appearance', 'DYI craft project', 'feel creative', 'change colors in home', 'enjoy', 'clean walls', 'I cannot find any reason mentioned verbally or shown visually in the video']","['remove mask', 'clean arms and chest', 'put on mask', 'cleanse face', 'other (please write them in the provided box)']",['I cannot find any reason mentioned verbally or shown visually in the video'],['I cannot find any reason mentioned verbally or shown visually in the video'],"['buy necessary things', 'buy new things']","['express yourself', 'feel creative']",['cleanse face'],none,none,none,none,none,True,True,True,True,True,both,both,both,both,both,none,none,none,none,none
https://github.com/OanaIgnat/miniclips/blob/main/no_check/NdnyiDBi7Ik+0:07:25+0:08:06.mp4?raw=true,https://github.com/OanaIgnat/miniclips/blob/main/no_check/t8YEpib3DEE+0:01:44+0:02:11.mp4?raw=true,https://github.com/OanaIgnat/miniclips/blob/main/no_check/Bbt9TR9ZTdI+0:04:43+0:05:24.mp4?raw=true,https://github.com/OanaIgnat/miniclips/blob/main/no_check/7z8a43OtGIY+0:01:40+0:02:08.mp4?raw=true,https://github.com/OanaIgnat/miniclips/blob/main/spam_check/spam_video1.mp4?raw=true,cleaning,drinking,helping,playing,cleaning,"['company was coming', 'do not like dirtiness', 'habit', 'self care', 'declutter', 'remove dirt', 'I cannot find any reason mentioned verbally or shown visually in the video']","['healthy', 'relax', 'skincare', 'were thirsty', 'avoid becoming dehydrated', 'refreshing', 'would want to forget', 'drink tasted good', 'get drunk', 'celebrating', 'I cannot find any reason mentioned verbally or shown visually in the video']","['assist with education', 'complete work', 'maximise own utility', 'help in return', 'makes feel good inside', 'become friend', 'accomplish mutual goal', 'express altruism', 'I cannot find any reason mentioned verbally or shown visually in the video']","['have fun', 'win game', 'play music', 'play an instrument', 'bored', 'relax', 'entertain yourself', 'I cannot find any reason mentioned verbally or shown visually in the video']","['remove mask', 'clean arms and chest', 'put on mask', 'cleanse face', 'other (please write them in the provided box)']",['self care'],['I cannot find any reason mentioned verbally or shown visually in the video'],['I cannot find any reason mentioned verbally or shown visually in the video'],['I cannot find any reason mentioned verbally or shown visually in the video'],['cleanse face'],none,none,none,none,none,True,True,True,True,True,both,shown,shown,shown,shown,none,none,none,none,none
https://github.com/OanaIgnat/miniclips/blob/main/no_check/NdnyiDBi7Ik+0:07:25+0:08:06.mp4?raw=true,https://github.com/OanaIgnat/miniclips/blob/main/no_check/t8YEpib3DEE+0:01:44+0:02:11.mp4?raw=true,https://github.com/OanaIgnat/miniclips/blob/main/no_check/Bbt9TR9ZTdI+0:04:43+0:05:24.mp4?raw=true,https://github.com/OanaIgnat/miniclips/blob/main/no_check/7z8a43OtGIY+0:01:40+0:02:08.mp4?raw=true,https://github.com/OanaIgnat/miniclips/blob/main/spam_check/spam_video1.mp4?raw=true,cleaning,drinking,helping,playing,cleaning,"['company was coming', 'do not like dirtiness', 'habit', 'self care', 'declutter', 'remove dirt', 'I cannot find any reason mentioned verbally or shown visually in the video']","['healthy', 'relax', 'skincare', 'were thirsty', 'avoid becoming dehydrated', 'refreshing', 'would want to forget', 'drink tasted good', 'get drunk', 'celebrating', 'I cannot find any reason mentioned verbally or shown visually in the video']","['assist with education', 'complete work', 'maximise own utility', 'help in return', 'makes feel good inside', 'become friend', 'accomplish mutual goal', 'express altruism', 'I cannot find any reason mentioned verbally or shown visually in the video']","['have fun', 'win game', 'play music', 'play an instrument', 'bored', 'relax', 'entertain yourself', 'I cannot find any reason mentioned verbally or shown visually in the video']","['remove mask', 'clean arms and chest', 'put on mask', 'cleanse face', 'other (please write them in the provided box)']","['declutter', 'do not like dirtiness', 'remove dirt']","['healthy', 'were thirsty']","['accomplish mutual goal', 'maximise own utility']","['entertain yourself', 'have fun']","['cleanse face', 'put on mask']",none,none,none,none,none,True,True,True,True,True,both,mentioned,mentioned,mentioned,both,none,none,none,none,none
https://github.com/OanaIgnat/miniclips/blob/main/no_check/NdnyiDBi7Ik+0:07:25+0:08:06.mp4?raw=true,https://github.com/OanaIgnat/miniclips/blob/main/no_check/t8YEpib3DEE+0:01:44+0:02:11.mp4?raw=true,https://github.com/OanaIgnat/miniclips/blob/main/no_check/Bbt9TR9ZTdI+0:04:43+0:05:24.mp4?raw=true,https://github.com/OanaIgnat/miniclips/blob/main/no_check/7z8a43OtGIY+0:01:40+0:02:08.mp4?raw=true,https://github.com/OanaIgnat/miniclips/blob/main/spam_check/spam_video1.mp4?raw=true,cleaning,drinking,helping,playing,cleaning,"['company was coming', 'do not like dirtiness', 'habit', 'self care', 'declutter', 'remove dirt', 'I cannot find any reason mentioned verbally or shown visually in the video']","['healthy', 'relax', 'skincare', 'were thirsty', 'avoid becoming dehydrated', 'refreshing', 'would want to forget', 'drink tasted good', 'get drunk', 'celebrating', 'I cannot find any reason mentioned verbally or shown visually in the video']","['assist with education', 'complete work', 'maximise own utility', 'help in return', 'makes feel good inside', 'become friend', 'accomplish mutual goal', 'express altruism', 'I cannot find any reason mentioned verbally or shown visually in the video']","['have fun', 'win game', 'play music', 'play an instrument', 'bored', 'relax', 'entertain yourself', 'I cannot find any reason mentioned verbally or shown visually in the video']","['remove mask', 'clean arms and chest', 'put on mask', 'cleanse face', 'other (please write them in the provided box)']","['declutter', 'habit', 'remove dirt']",['were thirsty'],['complete work'],['play music'],"['cleanse face', 'put on mask']",none,none,none,none,none,True,True,False,False,True,both,shown,mentioned,mentioned,shown,Add option to fill in the actual answer for each individual video.,Add option to fill in the actual answer for each individual video.,Add option to fill in the actual answer for each individual video.,Add option to fill in the actual answer for each individual video.,Add option to fill in the actual answer for each individual video.
https://github.com/OanaIgnat/miniclips/blob/main/no_check/oDPBngT2knI+0:03:56+0:04:23.mp4?raw=true,https://github.com/OanaIgnat/miniclips/blob/main/no_check/2mF9t0OMoss+0:00:06+0:00:45.mp4?raw=true,https://github.com/OanaIgnat/miniclips/blob/main/no_check/Tw0z7nA-OaE+0:00:54+0:01:48.mp4?raw=true,https://github.com/OanaIgnat/miniclips/blob/main/no_check/iQgzLlAnHgo+0:05:56+0:06:27.mp4?raw=true,https://github.com/OanaIgnat/miniclips/blob/main/spam_check/spam_video1.mp4?raw=true,working,sleeping,falling,selling,cleaning,"['feel productive', 'complete job', 'have to', 'need money', 'I cannot find any reason mentioned verbally or shown visually in the video']","['get up early next day', 'sleepy', 'keep warm', 'need to restore energy', 'you are tired', 'I cannot find any reason mentioned verbally or shown visually in the video']","['rush', 'tired', 'accident', 'ladder broke', 'tripped', 'makeup fell', 'objects fall', 'I cannot find any reason mentioned verbally or shown visually in the video']","['does not use items as much', 'get money', 'enjoy', 'work', 'I cannot find any reason mentioned verbally or shown visually in the video']","['remove mask', 'clean arms and chest', 'put on mask', 'cleanse face', 'other (please write them in the provided box)']",['complete job'],"['need to restore energy', 'sleepy', 'you are tired']",['accident'],['enjoy'],"['cleanse face', 'put on mask']",none,none,none,none,none,True,True,True,True,True,mentioned,mentioned,mentioned,mentioned,mentioned,none,none,none,none,none
https://github.com/OanaIgnat/miniclips/blob/main/no_check/oDPBngT2knI+0:03:56+0:04:23.mp4?raw=true,https://github.com/OanaIgnat/miniclips/blob/main/no_check/2mF9t0OMoss+0:00:06+0:00:45.mp4?raw=true,https://github.com/OanaIgnat/miniclips/blob/main/no_check/Tw0z7nA-OaE+0:00:54+0:01:48.mp4?raw=true,https://github.com/OanaIgnat/miniclips/blob/main/no_check/iQgzLlAnHgo+0:05:56+0:06:27.mp4?raw=true,https://github.com/OanaIgnat/miniclips/blob/main/spam_check/spam_video1.mp4?raw=true,working,sleeping,falling,selling,cleaning,"['feel productive', 'complete job', 'have to', 'need money', 'I cannot find any reason mentioned verbally or shown visually in the video']","['get up early next day', 'sleepy', 'keep warm', 'need to restore energy', 'you are tired', 'I cannot find any reason mentioned verbally or shown visually in the video']","['rush', 'tired', 'accident', 'ladder broke', 'tripped', 'makeup fell', 'objects fall', 'I cannot find any reason mentioned verbally or shown visually in the video']","['does not use items as much', 'get money', 'enjoy', 'work', 'I cannot find any reason mentioned verbally or shown visually in the video']","['remove mask', 'clean arms and chest', 'put on mask', 'cleanse face', 'other (please write them in the provided box)']",['I cannot find any reason mentioned verbally or shown visually in the video'],['sleepy'],['tripped'],['I cannot find any reason mentioned verbally or shown visually in the video'],['cleanse face'],none,none,none,none,none,False,True,False,True,True,both,both,both,both,both,NICE HIT,NICE HIT,NICE HIT,NICE HIT,NICE HIT
https://github.com/OanaIgnat/miniclips/blob/main/no_check/oDPBngT2knI+0:03:56+0:04:23.mp4?raw=true,https://github.com/OanaIgnat/miniclips/blob/main/no_check/2mF9t0OMoss+0:00:06+0:00:45.mp4?raw=true,https://github.com/OanaIgnat/miniclips/blob/main/no_check/Tw0z7nA-OaE+0:00:54+0:01:48.mp4?raw=true,https://github.com/OanaIgnat/miniclips/blob/main/no_check/iQgzLlAnHgo+0:05:56+0:06:27.mp4?raw=true,https://github.com/OanaIgnat/miniclips/blob/main/spam_check/spam_video1.mp4?raw=true,working,sleeping,falling,selling,cleaning,"['feel productive', 'complete job', 'have to', 'need money', 'I cannot find any reason mentioned verbally or shown visually in the video']","['get up early next day', 'sleepy', 'keep warm', 'need to restore energy', 'you are tired', 'I cannot find any reason mentioned verbally or shown visually in the video']","['rush', 'tired', 'accident', 'ladder broke', 'tripped', 'makeup fell', 'objects fall', 'I cannot find any reason mentioned verbally or shown visually in the video']","['does not use items as much', 'get money', 'enjoy', 'work', 'I cannot find any reason mentioned verbally or shown visually in the video']","['remove mask', 'clean arms and chest', 'put on mask', 'cleanse face', 'other (please write them in the provided box)']",['feel productive'],['you are tired'],['accident'],['get money'],['cleanse face'],none,none,none,none,none,True,True,False,True,True,mentioned,both,mentioned,mentioned,both,none,none,none,none,none
https://github.com/OanaIgnat/miniclips/blob/main/no_check/ZlSm-4uDQaI+0:09:08+0:09:38.mp4?raw=true,https://github.com/OanaIgnat/miniclips/blob/main/no_check/ucxlOiDDtj8+0:08:29+0:09:33.mp4?raw=true,https://github.com/OanaIgnat/miniclips/blob/main/no_check/r4C_OS0uQA4+0:11:06+0:11:30.mp4?raw=true,https://github.com/OanaIgnat/miniclips/blob/main/no_check/WgQeNqBkQBo+0:07:15+0:07:42.mp4?raw=true,https://github.com/OanaIgnat/miniclips/blob/main/spam_check/spam_video2.mp4?raw=true,sleeping,walking,selling,painting,cleaning,"['get up early next day', 'sleepy', 'keep warm', 'need to restore energy', 'you are tired', 'I cannot find any reason mentioned verbally or shown visually in the video']","['exercise', 'to clean up', 'want to relax', 'enjoyable', 'go somewhere', 'I cannot find any reason mentioned verbally or shown visually in the video']","['does not use items as much', 'get money', 'enjoy', 'work', 'I cannot find any reason mentioned verbally or shown visually in the video']","['create art', 'express yourself', 'enhance appearance', 'DYI craft project', 'feel creative', 'change colors in home', 'enjoy', 'clean walls', 'I cannot find any reason mentioned verbally or shown visually in the video']","['remove mask', 'clean arms and chest', 'put on mask', 'cleanse face', 'other (please write them in the provided box)']","['need to restore energy', 'sleepy', 'you are tired']","['go somewhere', 'to clean up']",['get money'],"['DYI craft project', 'enhance appearance']",['cleanse face'],none,none,none,none,none,False,True,False,True,True,mentioned,both,mentioned,both,both,none,none,none,none,none
https://github.com/OanaIgnat/miniclips/blob/main/no_check/ZlSm-4uDQaI+0:09:08+0:09:38.mp4?raw=true,https://github.com/OanaIgnat/miniclips/blob/main/no_check/ucxlOiDDtj8+0:08:29+0:09:33.mp4?raw=true,https://github.com/OanaIgnat/miniclips/blob/main/no_check/r4C_OS0uQA4+0:11:06+0:11:30.mp4?raw=true,https://github.com/OanaIgnat/miniclips/blob/main/no_check/WgQeNqBkQBo+0:07:15+0:07:42.mp4?raw=true,https://github.com/OanaIgnat/miniclips/blob/main/spam_check/spam_video2.mp4?raw=true,sleeping,walking,selling,painting,cleaning,"['get up early next day', 'sleepy', 'keep warm', 'need to restore energy', 'you are tired', 'I cannot find any reason mentioned verbally or shown visually in the video']","['exercise', 'to clean up', 'want to relax', 'enjoyable', 'go somewhere', 'I cannot find any reason mentioned verbally or shown visually in the video']","['does not use items as much', 'get money', 'enjoy', 'work', 'I cannot find any reason mentioned verbally or shown visually in the video']","['create art', 'express yourself', 'enhance appearance', 'DYI craft project', 'feel creative', 'change colors in home', 'enjoy', 'clean walls', 'I cannot find any reason mentioned verbally or shown visually in the video']","['remove mask', 'clean arms and chest', 'put on mask', 'cleanse face', 'other (please write them in the provided box)']",['sleepy'],"['enjoyable', 'to clean up']",['I cannot find any reason mentioned verbally or shown visually in the video'],['change colors in home'],['cleanse face'],none,none,none,none,none,True,True,False,True,True,both,both,both,both,both,none,none,none,none,none
https://github.com/OanaIgnat/miniclips/blob/main/no_check/QYue-Z8M6HQ+0:04:49+0:05:18.mp4?raw=true,https://github.com/OanaIgnat/miniclips/blob/main/no_check/Ke72bbfIwtM+0:07:47+0:08:07.mp4?raw=true,https://github.com/OanaIgnat/miniclips/blob/main/no_check/aSIS-bsU0xE+0:04:01+0:04:33.mp4?raw=true,https://github.com/OanaIgnat/miniclips/blob/main/no_check/g8NRY_Eb9X4+0:07:29+0:07:48.mp4?raw=true,https://github.com/OanaIgnat/miniclips/blob/main/spam_check/spam_video3.mp4?raw=true,buying,walking,shopping,painting,cleaning,"['replace broken', 'habit', 'worth it', 'enjoy', 'need', 'I cannot find any reason mentioned verbally or shown visually in the video']","['exercise', 'to clean up', 'want to relax', 'enjoyable', 'go somewhere', 'I cannot find any reason mentioned verbally or shown visually in the video']","['buy necessary things', 'buy new things', 'enjoy', 'bored', 'I cannot find any reason mentioned verbally or shown visually in the video']","['create art', 'express yourself', 'enhance appearance', 'DYI craft project', 'feel creative', 'change colors in home', 'enjoy', 'clean walls', 'I cannot find any reason mentioned verbally or shown visually in the video']","['remove mask', 'clean arms and chest', 'put on mask', 'cleanse face', 'other (please write them in the provided box)']","['enjoy', 'worth it']",['enjoyable'],['enjoy'],['I cannot find any reason mentioned verbally or shown visually in the video'],['cleanse face'],none,none,none,none,none,True,True,True,True,True,mentioned,mentioned,mentioned,both,both,none,none,none,none,none
https://github.com/OanaIgnat/miniclips/blob/main/no_check/QYue-Z8M6HQ+0:04:49+0:05:18.mp4?raw=true,https://github.com/OanaIgnat/miniclips/blob/main/no_check/Ke72bbfIwtM+0:07:47+0:08:07.mp4?raw=true,https://github.com/OanaIgnat/miniclips/blob/main/no_check/aSIS-bsU0xE+0:04:01+0:04:33.mp4?raw=true,https://github.com/OanaIgnat/miniclips/blob/main/no_check/g8NRY_Eb9X4+0:07:29+0:07:48.mp4?raw=true,https://github.com/OanaIgnat/miniclips/blob/main/spam_check/spam_video3.mp4?raw=true,buying,walking,shopping,painting,cleaning,"['replace broken', 'habit', 'worth it', 'enjoy', 'need', 'I cannot find any reason mentioned verbally or shown visually in the video']","['exercise', 'to clean up', 'want to relax', 'enjoyable', 'go somewhere', 'I cannot find any reason mentioned verbally or shown visually in the video']","['buy necessary things', 'buy new things', 'enjoy', 'bored', 'I cannot find any reason mentioned verbally or shown visually in the video']","['create art', 'express yourself', 'enhance appearance', 'DYI craft project', 'feel creative', 'change colors in home', 'enjoy', 'clean walls', 'I cannot find any reason mentioned verbally or shown visually in the video']","['remove mask', 'clean arms and chest', 'put on mask', 'cleanse face', 'other (please write them in the provided box)']","['enjoy', 'need', 'worth it']",['go somewhere'],"['buy necessary things', 'buy new things']",['I cannot find any reason mentioned verbally or shown visually in the video'],"['cleanse face', 'put on mask']",none,none,none,none,none,True,True,True,True,True,both,both,mentioned,mentioned,both,none,none,none,none,none
https://github.com/OanaIgnat/miniclips/blob/main/no_check/QYue-Z8M6HQ+0:04:49+0:05:18.mp4?raw=true,https://github.com/OanaIgnat/miniclips/blob/main/no_check/Ke72bbfIwtM+0:07:47+0:08:07.mp4?raw=true,https://github.com/OanaIgnat/miniclips/blob/main/no_check/aSIS-bsU0xE+0:04:01+0:04:33.mp4?raw=true,https://github.com/OanaIgnat/miniclips/blob/main/no_check/g8NRY_Eb9X4+0:07:29+0:07:48.mp4?raw=true,https://github.com/OanaIgnat/miniclips/blob/main/spam_check/spam_video3.mp4?raw=true,buying,walking,shopping,painting,cleaning,"['replace broken', 'habit', 'worth it', 'enjoy', 'need', 'I cannot find any reason mentioned verbally or shown visually in the video']","['exercise', 'to clean up', 'want to relax', 'enjoyable', 'go somewhere', 'I cannot find any reason mentioned verbally or shown visually in the video']","['buy necessary things', 'buy new things', 'enjoy', 'bored', 'I cannot find any reason mentioned verbally or shown visually in the video']","['create art', 'express yourself', 'enhance appearance', 'DYI craft project', 'feel creative', 'change colors in home', 'enjoy', 'clean walls', 'I cannot find any reason mentioned verbally or shown visually in the video']","['remove mask', 'clean arms and chest', 'put on mask', 'cleanse face', 'other (please write them in the provided box)']",['I cannot find any reason mentioned verbally or shown visually in the video'],['I cannot find any reason mentioned verbally or shown visually in the video'],['buy new things'],['express yourself'],['put on mask'],none,none,none,none,none,True,False,True,False,True,both,both,both,both,both,NICE SURVEY,NICE SURVEY,NICE SURVEY,NICE SURVEY,NICE SURVEY
https://github.com/OanaIgnat/miniclips/blob/main/no_check/j3AmPHyqYKY+0:13:29+0:13:46.mp4?raw=true,https://github.com/OanaIgnat/miniclips/blob/main/no_check/1AYhYYwNb_I+0:02:49+0:04:25.mp4?raw=true,https://github.com/OanaIgnat/miniclips/blob/main/no_check/3nMKB65DbvI+0:02:10+0:03:03.mp4?raw=true,https://github.com/OanaIgnat/miniclips/blob/main/no_check/rBl73Th_m-k+0:01:51+0:02:22.mp4?raw=true,https://github.com/OanaIgnat/miniclips/blob/main/spam_check/spam_video5.mp4?raw=true,thanking,cooking,travelling,driving,cleaning,"['grateful', 'feel good', 'appreciate', 'helped', 'I cannot find any reason mentioned verbally or shown visually in the video']","['improve skills', 'make meal', 'hungry', 'be healthy', 'I cannot find any reason mentioned verbally or shown visually in the video']","['visit people', 'vacation', 'experience different culture', 'work', 'I cannot find any reason mentioned verbally or shown visually in the video']","['get someplace', 'use gas', 'relax', 'do chores', 'I cannot find any reason mentioned verbally or shown visually in the video']","['remove mask', 'clean arms and chest', 'put on mask', 'cleanse face', 'other (please write them in the provided box)']",['feel good'],['be healthy'],"['visit people', 'work']",['I cannot find any reason mentioned verbally or shown visually in the video'],['remove mask'],none,none,none,none,none,False,False,False,True,True,both,both,both,both,both,NICE HIT,NICE HIT,NICE HIT,NICE HIT,NICE HIT
https://github.com/OanaIgnat/miniclips/blob/main/no_check/j3AmPHyqYKY+0:13:29+0:13:46.mp4?raw=true,https://github.com/OanaIgnat/miniclips/blob/main/no_check/1AYhYYwNb_I+0:02:49+0:04:25.mp4?raw=true,https://github.com/OanaIgnat/miniclips/blob/main/no_check/3nMKB65DbvI+0:02:10+0:03:03.mp4?raw=true,https://github.com/OanaIgnat/miniclips/blob/main/no_check/rBl73Th_m-k+0:01:51+0:02:22.mp4?raw=true,https://github.com/OanaIgnat/miniclips/blob/main/spam_check/spam_video5.mp4?raw=true,thanking,cooking,travelling,driving,cleaning,"['grateful', 'feel good', 'appreciate', 'helped', 'I cannot find any reason mentioned verbally or shown visually in the video']","['improve skills', 'make meal', 'hungry', 'be healthy', 'I cannot find any reason mentioned verbally or shown visually in the video']","['visit people', 'vacation', 'experience different culture', 'work', 'I cannot find any reason mentioned verbally or shown visually in the video']","['get someplace', 'use gas', 'relax', 'do chores', 'I cannot find any reason mentioned verbally or shown visually in the video']","['remove mask', 'clean arms and chest', 'put on mask', 'cleanse face', 'other (please write them in the provided box)']","['appreciate', 'grateful', 'helped']",['I cannot find any reason mentioned verbally or shown visually in the video'],['work'],['get someplace'],['remove mask'],none,none,none,none,none,True,True,True,True,True,mentioned,mentioned,mentioned,shown,both,none,none,none,none,none
https://github.com/OanaIgnat/miniclips/blob/main/no_check/Kfw20pFs0Uc+0:00:19+0:00:55.mp4?raw=true,https://github.com/OanaIgnat/miniclips/blob/main/no_check/pEsj3zsPQrs+0:02:45+0:03:17.mp4?raw=true,https://github.com/OanaIgnat/miniclips/blob/main/no_check/RziVADFQN_g+0:03:56+0:04:32.mp4?raw=true,https://github.com/OanaIgnat/miniclips/blob/main/no_check/aPPhxYHtGDo+0:00:36+0:01:00.mp4?raw=true,https://github.com/OanaIgnat/miniclips/blob/main/spam_check/spam_video1.mp4?raw=true,buying,cooking,travelling,driving,cleaning,"['replace broken', 'habit', 'worth it', 'enjoy', 'need', 'I cannot find any reason mentioned verbally or shown visually in the video']","['improve skills', 'make meal', 'hungry', 'be healthy', 'I cannot find any reason mentioned verbally or shown visually in the video']","['visit people', 'vacation', 'experience different culture', 'work', 'I cannot find any reason mentioned verbally or shown visually in the video']","['get someplace', 'use gas', 'relax', 'do chores', 'I cannot find any reason mentioned verbally or shown visually in the video']","['remove mask', 'clean arms and chest', 'put on mask', 'cleanse face', 'other (please write them in the provided box)']","['enjoy', 'need', 'worth it']","['be healthy', 'make meal']",['I cannot find any reason mentioned verbally or shown visually in the video'],['get someplace'],['cleanse face'],none,none,none,none,none,True,True,True,True,True,both,both,mentioned,mentioned,both,none,none,none,none,none
https://github.com/OanaIgnat/miniclips/blob/main/no_check/Kfw20pFs0Uc+0:00:19+0:00:55.mp4?raw=true,https://github.com/OanaIgnat/miniclips/blob/main/no_check/pEsj3zsPQrs+0:02:45+0:03:17.mp4?raw=true,https://github.com/OanaIgnat/miniclips/blob/main/no_check/RziVADFQN_g+0:03:56+0:04:32.mp4?raw=true,https://github.com/OanaIgnat/miniclips/blob/main/no_check/aPPhxYHtGDo+0:00:36+0:01:00.mp4?raw=true,https://github.com/OanaIgnat/miniclips/blob/main/spam_check/spam_video1.mp4?raw=true,buying,cooking,travelling,driving,cleaning,"['replace broken', 'habit', 'worth it', 'enjoy', 'need', 'I cannot find any reason mentioned verbally or shown visually in the video']","['improve skills', 'make meal', 'hungry', 'be healthy', 'I cannot find any reason mentioned verbally or shown visually in the video']","['visit people', 'vacation', 'experience different culture', 'work', 'I cannot find any reason mentioned verbally or shown visually in the video']","['get someplace', 'use gas', 'relax', 'do chores', 'I cannot find any reason mentioned verbally or shown visually in the video']","['remove mask', 'clean arms and chest', 'put on mask', 'cleanse face', 'other (please write them in the provided box)']",['I cannot find any reason mentioned verbally or shown visually in the video'],['make meal'],['I cannot find any reason mentioned verbally or shown visually in the video'],['I cannot find any reason mentioned verbally or shown visually in the video'],['cleanse face'],none,none,none,none,none,False,True,False,True,True,both,both,both,both,both,NICE SURVEY,NICE SURVEY,NICE SURVEY,NICE SURVEY,NICE SURVEY
https://github.com/OanaIgnat/miniclips/blob/main/no_check/Kfw20pFs0Uc+0:00:19+0:00:55.mp4?raw=true,https://github.com/OanaIgnat/miniclips/blob/main/no_check/pEsj3zsPQrs+0:02:45+0:03:17.mp4?raw=true,https://github.com/OanaIgnat/miniclips/blob/main/no_check/RziVADFQN_g+0:03:56+0:04:32.mp4?raw=true,https://github.com/OanaIgnat/miniclips/blob/main/no_check/aPPhxYHtGDo+0:00:36+0:01:00.mp4?raw=true,https://github.com/OanaIgnat/miniclips/blob/main/spam_check/spam_video1.mp4?raw=true,buying,cooking,travelling,driving,cleaning,"['replace broken', 'habit', 'worth it', 'enjoy', 'need', 'I cannot find any reason mentioned verbally or shown visually in the video']","['improve skills', 'make meal', 'hungry', 'be healthy', 'I cannot find any reason mentioned verbally or shown visually in the video']","['visit people', 'vacation', 'experience different culture', 'work', 'I cannot find any reason mentioned verbally or shown visually in the video']","['get someplace', 'use gas', 'relax', 'do chores', 'I cannot find any reason mentioned verbally or shown visually in the video']","['remove mask', 'clean arms and chest', 'put on mask', 'cleanse face', 'other (please write them in the provided box)']","['enjoy', 'need', 'worth it']","['be healthy', 'make meal']",['I cannot find any reason mentioned verbally or shown visually in the video'],['get someplace'],['cleanse face'],none,none,none,none,none,True,True,True,True,True,mentioned,both,both,mentioned,both,none,none,none,none,none
https://github.com/OanaIgnat/miniclips/blob/main/no_check/QADa8CzlKpw+0:00:31+0:01:24.mp4?raw=true,https://github.com/OanaIgnat/miniclips/blob/main/no_check/-AzBDUeKA8A+0:03:03+0:03:31.mp4?raw=true,https://github.com/OanaIgnat/miniclips/blob/main/no_check/0ygVAKj95HI+0:05:23+0:05:58.mp4?raw=true,https://github.com/OanaIgnat/miniclips/blob/main/no_check/FEIexfKS8Cc+0:15:20+0:15:51.mp4?raw=true,https://github.com/OanaIgnat/miniclips/blob/main/spam_check/spam_video1.mp4?raw=true,cleaning,eating,learning,reading,cleaning,"['company was coming', 'do not like dirtiness', 'habit', 'self care', 'declutter', 'remove dirt', 'I cannot find any reason mentioned verbally or shown visually in the video']","['tastes good', 'were hungry', 'had craving', 'be healthy', 'enjoy', 'I cannot find any reason mentioned verbally or shown visually in the video']","['know more information', 'become educated', 'going to get tested', 'failure painful', 'course was recommended', 'curious', 'helps to cope', 'empowering', 'improve yourself', 'avoid repeating mistakes', 'fun', 'I cannot find any reason mentioned verbally or shown visually in the video']","['appear cultured to opposite sex', 'healthy habit', 'spirituality', 'avoid technology', 'relax', 'bored', 'learn', 'appreciate', 'entertained', 'I cannot find any reason mentioned verbally or shown visually in the video']","['remove mask', 'clean arms and chest', 'put on mask', 'cleanse face', 'other (please write them in the provided box)']",['do not like dirtiness'],['be healthy'],['know more information'],"['healthy habit', 'relax']",['cleanse face'],none,none,none,none,none,True,True,True,True,True,both,both,both,both,both,NICE HIT,NICE HIT,NICE HIT,NICE HIT,NICE HIT
https://github.com/OanaIgnat/miniclips/blob/main/no_check/QADa8CzlKpw+0:00:31+0:01:24.mp4?raw=true,https://github.com/OanaIgnat/miniclips/blob/main/no_check/-AzBDUeKA8A+0:03:03+0:03:31.mp4?raw=true,https://github.com/OanaIgnat/miniclips/blob/main/no_check/0ygVAKj95HI+0:05:23+0:05:58.mp4?raw=true,https://github.com/OanaIgnat/miniclips/blob/main/no_check/FEIexfKS8Cc+0:15:20+0:15:51.mp4?raw=true,https://github.com/OanaIgnat/miniclips/blob/main/spam_check/spam_video1.mp4?raw=true,cleaning,eating,learning,reading,cleaning,"['company was coming', 'do not like dirtiness', 'habit', 'self care', 'declutter', 'remove dirt', 'I cannot find any reason mentioned verbally or shown visually in the video']","['tastes good', 'were hungry', 'had craving', 'be healthy', 'enjoy', 'I cannot find any reason mentioned verbally or shown visually in the video']","['know more information', 'become educated', 'going to get tested', 'failure painful', 'course was recommended', 'curious', 'helps to cope', 'empowering', 'improve yourself', 'avoid repeating mistakes', 'fun', 'I cannot find any reason mentioned verbally or shown visually in the video']","['appear cultured to opposite sex', 'healthy habit', 'spirituality', 'avoid technology', 'relax', 'bored', 'learn', 'appreciate', 'entertained', 'I cannot find any reason mentioned verbally or shown visually in the video']","['remove mask', 'clean arms and chest', 'put on mask', 'cleanse face', 'other (please write them in the provided box)']","['habit', 'self care']","['enjoy', 'tastes good']",['I cannot find any reason mentioned verbally or shown visually in the video'],['healthy habit'],"['cleanse face', 'put on mask']",none,none,none,none,none,False,True,False,True,True,shown,mentioned,both,mentioned,shown,"Please add ""other"" category to all videos.","Please add ""other"" category to all videos.","Please add ""other"" category to all videos.","Please add ""other"" category to all videos.","Please add ""other"" category to all videos."
https://github.com/OanaIgnat/miniclips/blob/main/no_check/QADa8CzlKpw+0:00:31+0:01:24.mp4?raw=true,https://github.com/OanaIgnat/miniclips/blob/main/no_check/-AzBDUeKA8A+0:03:03+0:03:31.mp4?raw=true,https://github.com/OanaIgnat/miniclips/blob/main/no_check/0ygVAKj95HI+0:05:23+0:05:58.mp4?raw=true,https://github.com/OanaIgnat/miniclips/blob/main/no_check/FEIexfKS8Cc+0:15:20+0:15:51.mp4?raw=true,https://github.com/OanaIgnat/miniclips/blob/main/spam_check/spam_video1.mp4?raw=true,cleaning,eating,learning,reading,cleaning,"['company was coming', 'do not like dirtiness', 'habit', 'self care', 'declutter', 'remove dirt', 'I cannot find any reason mentioned verbally or shown visually in the video']","['tastes good', 'were hungry', 'had craving', 'be healthy', 'enjoy', 'I cannot find any reason mentioned verbally or shown visually in the video']","['know more information', 'become educated', 'going to get tested', 'failure painful', 'course was recommended', 'curious', 'helps to cope', 'empowering', 'improve yourself', 'avoid repeating mistakes', 'fun', 'I cannot find any reason mentioned verbally or shown visually in the video']","['appear cultured to opposite sex', 'healthy habit', 'spirituality', 'avoid technology', 'relax', 'bored', 'learn', 'appreciate', 'entertained', 'I cannot find any reason mentioned verbally or shown visually in the video']","['remove mask', 'clean arms and chest', 'put on mask', 'cleanse face', 'other (please write them in the provided box)']",['declutter'],"['be healthy', 'enjoy', 'tastes good']","['become educated', 'fun', 'know more information']","['healthy habit', 'relax']",['cleanse face'],none,none,none,none,none,True,True,True,True,True,both,mentioned,mentioned,mentioned,shown,"None, thank you","None, thank you","None, thank you","None, thank you","None, thank you"
https://github.com/OanaIgnat/miniclips/blob/main/no_check/lASghi_QINY+0:08:58+0:09:33.mp4?raw=true,https://github.com/OanaIgnat/miniclips/blob/main/no_check/g8NRY_Eb9X4+0:02:34+0:03:09.mp4?raw=true,https://github.com/OanaIgnat/miniclips/blob/main/no_check/RziVADFQN_g+0:00:54+0:01:50.mp4?raw=true,https://github.com/OanaIgnat/miniclips/blob/main/no_check/xQAlZsCoUq4+0:03:01+0:03:38.mp4?raw=true,https://github.com/OanaIgnat/miniclips/blob/main/spam_check/spam_video3.mp4?raw=true,buying,walking,shopping,relaxing,cleaning,"['replace broken', 'habit', 'worth it', 'enjoy', 'need', 'I cannot find any reason mentioned verbally or shown visually in the video']","['exercise', 'to clean up', 'want to relax', 'enjoyable', 'go somewhere', 'I cannot find any reason mentioned verbally or shown visually in the video']","['buy necessary things', 'buy new things', 'enjoy', 'bored', 'I cannot find any reason mentioned verbally or shown visually in the video']","['have done good job', 'healthy', 'self care', 'help sleep', 'reduce stress', 'recover energy', 'I cannot find any reason mentioned verbally or shown visually in the video']","['remove mask', 'clean arms and chest', 'put on mask', 'cleanse face', 'other (please write them in the provided box)']",['worth it'],['go somewhere'],['enjoy'],"['healthy', 'self care']","['cleanse face', 'put on mask']",none,none,none,none,none,True,True,True,True,True,mentioned,mentioned,mentioned,mentioned,both,none,none,none,none,none
https://github.com/OanaIgnat/miniclips/blob/main/no_check/lASghi_QINY+0:08:58+0:09:33.mp4?raw=true,https://github.com/OanaIgnat/miniclips/blob/main/no_check/g8NRY_Eb9X4+0:02:34+0:03:09.mp4?raw=true,https://github.com/OanaIgnat/miniclips/blob/main/no_check/RziVADFQN_g+0:00:54+0:01:50.mp4?raw=true,https://github.com/OanaIgnat/miniclips/blob/main/no_check/xQAlZsCoUq4+0:03:01+0:03:38.mp4?raw=true,https://github.com/OanaIgnat/miniclips/blob/main/spam_check/spam_video3.mp4?raw=true,buying,walking,shopping,relaxing,cleaning,"['replace broken', 'habit', 'worth it', 'enjoy', 'need', 'I cannot find any reason mentioned verbally or shown visually in the video']","['exercise', 'to clean up', 'want to relax', 'enjoyable', 'go somewhere', 'I cannot find any reason mentioned verbally or shown visually in the video']","['buy necessary things', 'buy new things', 'enjoy', 'bored', 'I cannot find any reason mentioned verbally or shown visually in the video']","['have done good job', 'healthy', 'self care', 'help sleep', 'reduce stress', 'recover energy', 'I cannot find any reason mentioned verbally or shown visually in the video']","['remove mask', 'clean arms and chest', 'put on mask', 'cleanse face', 'other (please write them in the provided box)']",['I cannot find any reason mentioned verbally or shown visually in the video'],['go somewhere'],['enjoy'],"['healthy', 'recover energy', 'reduce stress']",['put on mask'],none,none,none,none,none,True,True,False,True,False,mentioned,mentioned,mentioned,mentioned,mentioned,I suggest a little more detail in the options that can be selected.  That would help a bit in picking what was said in the videos.  As is its harder to select.,I suggest a little more detail in the options that can be selected.  That would help a bit in picking what was said in the videos.  As is its harder to select.,I suggest a little more detail in the options that can be selected.  That would help a bit in picking what was said in the videos.  As is its harder to select.,I suggest a little more detail in the options that can be selected.  That would help a bit in picking what was said in the videos.  As is its harder to select.,I suggest a little more detail in the options that can be selected.  That would help a bit in picking what was said in the videos.  As is its harder to select.
https://github.com/OanaIgnat/miniclips/blob/main/no_check/lASghi_QINY+0:08:58+0:09:33.mp4?raw=true,https://github.com/OanaIgnat/miniclips/blob/main/no_check/g8NRY_Eb9X4+0:02:34+0:03:09.mp4?raw=true,https://github.com/OanaIgnat/miniclips/blob/main/no_check/RziVADFQN_g+0:00:54+0:01:50.mp4?raw=true,https://github.com/OanaIgnat/miniclips/blob/main/no_check/xQAlZsCoUq4+0:03:01+0:03:38.mp4?raw=true,https://github.com/OanaIgnat/miniclips/blob/main/spam_check/spam_video3.mp4?raw=true,buying,walking,shopping,relaxing,cleaning,"['replace broken', 'habit', 'worth it', 'enjoy', 'need', 'I cannot find any reason mentioned verbally or shown visually in the video']","['exercise', 'to clean up', 'want to relax', 'enjoyable', 'go somewhere', 'I cannot find any reason mentioned verbally or shown visually in the video']","['buy necessary things', 'buy new things', 'enjoy', 'bored', 'I cannot find any reason mentioned verbally or shown visually in the video']","['have done good job', 'healthy', 'self care', 'help sleep', 'reduce stress', 'recover energy', 'I cannot find any reason mentioned verbally or shown visually in the video']","['remove mask', 'clean arms and chest', 'put on mask', 'cleanse face', 'other (please write them in the provided box)']",['need'],['go somewhere'],['buy necessary things'],"['healthy', 'reduce stress']",['put on mask'],none,none,none,none,none,False,True,False,False,True,mentioned,mentioned,mentioned,both,both,none,none,none,none,none
