video1,video2,video3,video4,video5,action1,action2,action3,action4,action5,reason1,reason2,reason3,reason4,reason5
https://github.com/OanaIgnat/miniclips/blob/main/no_check/NdnyiDBi7Ik+0:07:25+0:08:06.mp4?raw=true,https://github.com/OanaIgnat/miniclips/blob/main/no_check/t8YEpib3DEE+0:01:44+0:02:11.mp4?raw=true,https://github.com/OanaIgnat/miniclips/blob/main/no_check/Bbt9TR9ZTdI+0:04:43+0:05:24.mp4?raw=true,https://github.com/OanaIgnat/miniclips/blob/main/no_check/7z8a43OtGIY+0:01:40+0:02:08.mp4?raw=true,https://github.com/OanaIgnat/miniclips/blob/main/spam_check/spam_video1.mp4?raw=true,cleaning,drinking,helping,playing,cleaning,"['company was coming', 'do not like dirtiness', 'habit', 'self care', 'declutter', 'remove dirt', 'I cannot find any reason mentioned verbally or shown visually in the video']","['healthy', 'relax', 'skincare', 'were thirsty', 'avoid becoming dehydrated', 'refreshing', 'would want to forget', 'drink tasted good', 'get drunk', 'celebrating', 'I cannot find any reason mentioned verbally or shown visually in the video']","['assist with education', 'complete work', 'maximise own utility', 'help in return', 'makes feel good inside', 'become friend', 'accomplish mutual goal', 'express altruism', 'I cannot find any reason mentioned verbally or shown visually in the video']","['have fun', 'win game', 'play music', 'play an instrument', 'bored', 'relax', 'entertain yourself', 'I cannot find any reason mentioned verbally or shown visually in the video']","['remove mask', 'clean arms and chest', 'put on mask', 'cleanse face', 'other (please write them in the provided box)']"
https://github.com/OanaIgnat/miniclips/blob/main/no_check/yb6oR120WIU+0:06:50+0:07:37.mp4?raw=true,https://github.com/OanaIgnat/miniclips/blob/main/no_check/9jx5FYv0KJg+0:06:29+0:07:01.mp4?raw=true,https://github.com/OanaIgnat/miniclips/blob/main/no_check/PQ6IPU4Dabg+0:00:52+0:01:39.mp4?raw=true,https://github.com/OanaIgnat/miniclips/blob/main/no_check/l3RE0rN7oEg+0:03:28+0:04:08.mp4?raw=true,https://github.com/OanaIgnat/miniclips/blob/main/spam_check/spam_video2.mp4?raw=true,cleaning,drinking,helping,playing,cleaning,"['company was coming', 'do not like dirtiness', 'habit', 'self care', 'declutter', 'remove dirt', 'I cannot find any reason mentioned verbally or shown visually in the video']","['healthy', 'relax', 'skincare', 'were thirsty', 'avoid becoming dehydrated', 'refreshing', 'would want to forget', 'drink tasted good', 'get drunk', 'celebrating', 'I cannot find any reason mentioned verbally or shown visually in the video']","['assist with education', 'complete work', 'maximise own utility', 'help in return', 'makes feel good inside', 'become friend', 'accomplish mutual goal', 'express altruism', 'I cannot find any reason mentioned verbally or shown visually in the video']","['have fun', 'win game', 'play music', 'play an instrument', 'bored', 'relax', 'entertain yourself', 'I cannot find any reason mentioned verbally or shown visually in the video']","['remove mask', 'clean arms and chest', 'put on mask', 'cleanse face', 'other (please write them in the provided box)']"
https://github.com/OanaIgnat/miniclips/blob/main/no_check/SdZH7AJh1WM+0:00:21+0:00:51.mp4?raw=true,https://github.com/OanaIgnat/miniclips/blob/main/no_check/D9AipUHacPo+0:00:58+0:01:33.mp4?raw=true,https://github.com/OanaIgnat/miniclips/blob/main/no_check/56HTgPfRAdQ+0:04:26+0:05:11.mp4?raw=true,https://github.com/OanaIgnat/miniclips/blob/main/no_check/3nMKB65DbvI+0:02:30+0:03:09.mp4?raw=true,https://github.com/OanaIgnat/miniclips/blob/main/spam_check/spam_video3.mp4?raw=true,cleaning,drinking,helping,playing,cleaning,"['company was coming', 'do not like dirtiness', 'habit', 'self care', 'declutter', 'remove dirt', 'I cannot find any reason mentioned verbally or shown visually in the video']","['healthy', 'relax', 'skincare', 'were thirsty', 'avoid becoming dehydrated', 'refreshing', 'would want to forget', 'drink tasted good', 'get drunk', 'celebrating', 'I cannot find any reason mentioned verbally or shown visually in the video']","['assist with education', 'complete work', 'maximise own utility', 'help in return', 'makes feel good inside', 'become friend', 'accomplish mutual goal', 'express altruism', 'I cannot find any reason mentioned verbally or shown visually in the video']","['have fun', 'win game', 'play music', 'play an instrument', 'bored', 'relax', 'entertain yourself', 'I cannot find any reason mentioned verbally or shown visually in the video']","['remove mask', 'clean arms and chest', 'put on mask', 'cleanse face', 'other (please write them in the provided box)']"
https://github.com/OanaIgnat/miniclips/blob/main/no_check/SdZH7AJh1WM+0:00:51+0:01:20.mp4?raw=true,https://github.com/OanaIgnat/miniclips/blob/main/no_check/hZjSclwmZnM+0:00:39+0:01:07.mp4?raw=true,https://github.com/OanaIgnat/miniclips/blob/main/no_check/kn812g2dwTY+0:03:26+0:04:23.mp4?raw=true,https://github.com/OanaIgnat/miniclips/blob/main/no_check/ji3e_2B2nUo+0:00:12+0:00:35.mp4?raw=true,https://github.com/OanaIgnat/miniclips/blob/main/spam_check/spam_video4.mp4?raw=true,cleaning,drinking,helping,playing,cleaning,"['company was coming', 'do not like dirtiness', 'habit', 'self care', 'declutter', 'remove dirt', 'I cannot find any reason mentioned verbally or shown visually in the video']","['healthy', 'relax', 'skincare', 'were thirsty', 'avoid becoming dehydrated', 'refreshing', 'would want to forget', 'drink tasted good', 'get drunk', 'celebrating', 'I cannot find any reason mentioned verbally or shown visually in the video']","['assist with education', 'complete work', 'maximise own utility', 'help in return', 'makes feel good inside', 'become friend', 'accomplish mutual goal', 'express altruism', 'I cannot find any reason mentioned verbally or shown visually in the video']","['have fun', 'win game', 'play music', 'play an instrument', 'bored', 'relax', 'entertain yourself', 'I cannot find any reason mentioned verbally or shown visually in the video']","['remove mask', 'clean arms and chest', 'put on mask', 'cleanse face', 'other (please write them in the provided box)']"
https://github.com/OanaIgnat/miniclips/blob/main/no_check/SdZH7AJh1WM+0:02:18+0:02:39.mp4?raw=true,https://github.com/OanaIgnat/miniclips/blob/main/no_check/lI1SPJtQRuY+0:03:22+0:04:18.mp4?raw=true,https://github.com/OanaIgnat/miniclips/blob/main/no_check/kn812g2dwTY+0:04:08+0:04:39.mp4?raw=true,https://github.com/OanaIgnat/miniclips/blob/main/no_check/6yoNzQIr8IQ+0:01:16+0:01:43.mp4?raw=true,https://github.com/OanaIgnat/miniclips/blob/main/spam_check/spam_video5.mp4?raw=true,cleaning,eating,helping,playing,cleaning,"['company was coming', 'do not like dirtiness', 'habit', 'self care', 'declutter', 'remove dirt', 'I cannot find any reason mentioned verbally or shown visually in the video']","['tastes good', 'were hungry', 'had craving', 'be healthy', 'enjoy', 'I cannot find any reason mentioned verbally or shown visually in the video']","['assist with education', 'complete work', 'maximise own utility', 'help in return', 'makes feel good inside', 'become friend', 'accomplish mutual goal', 'express altruism', 'I cannot find any reason mentioned verbally or shown visually in the video']","['have fun', 'win game', 'play music', 'play an instrument', 'bored', 'relax', 'entertain yourself', 'I cannot find any reason mentioned verbally or shown visually in the video']","['remove mask', 'clean arms and chest', 'put on mask', 'cleanse face', 'other (please write them in the provided box)']"
https://github.com/OanaIgnat/miniclips/blob/main/no_check/SdZH7AJh1WM+0:03:49+0:04:38.mp4?raw=true,https://github.com/OanaIgnat/miniclips/blob/main/no_check/YInLyKTkpu0+0:04:53+0:05:22.mp4?raw=true,https://github.com/OanaIgnat/miniclips/blob/main/no_check/TrvsFGTsQ7g+0:01:27+0:02:19.mp4?raw=true,https://github.com/OanaIgnat/miniclips/blob/main/no_check/2qrYcB0X8lY+0:05:27+0:05:58.mp4?raw=true,https://github.com/OanaIgnat/miniclips/blob/main/spam_check/spam_video1.mp4?raw=true,cleaning,eating,learning,playing,cleaning,"['company was coming', 'do not like dirtiness', 'habit', 'self care', 'declutter', 'remove dirt', 'I cannot find any reason mentioned verbally or shown visually in the video']","['tastes good', 'were hungry', 'had craving', 'be healthy', 'enjoy', 'I cannot find any reason mentioned verbally or shown visually in the video']","['know more information', 'become educated', 'going to get tested', 'failure painful', 'course was recommended', 'curious', 'helps to cope', 'empowering', 'improve yourself', 'avoid repeating mistakes', 'fun', 'I cannot find any reason mentioned verbally or shown visually in the video']","['have fun', 'win game', 'play music', 'play an instrument', 'bored', 'relax', 'entertain yourself', 'I cannot find any reason mentioned verbally or shown visually in the video']","['remove mask', 'clean arms and chest', 'put on mask', 'cleanse face', 'other (please write them in the provided box)']"
https://github.com/OanaIgnat/miniclips/blob/main/no_check/SdZH7AJh1WM+0:03:54+0:04:42.mp4?raw=true,https://github.com/OanaIgnat/miniclips/blob/main/no_check/rfafjtpMO9o+0:02:50+0:03:18.mp4?raw=true,https://github.com/OanaIgnat/miniclips/blob/main/no_check/ceu4Mo_k7tM+0:00:49+0:01:13.mp4?raw=true,https://github.com/OanaIgnat/miniclips/blob/main/no_check/xKlhmBYzKiQ+0:10:18+0:10:52.mp4?raw=true,https://github.com/OanaIgnat/miniclips/blob/main/spam_check/spam_video2.mp4?raw=true,cleaning,eating,learning,playing,cleaning,"['company was coming', 'do not like dirtiness', 'habit', 'self care', 'declutter', 'remove dirt', 'I cannot find any reason mentioned verbally or shown visually in the video']","['tastes good', 'were hungry', 'had craving', 'be healthy', 'enjoy', 'I cannot find any reason mentioned verbally or shown visually in the video']","['know more information', 'become educated', 'going to get tested', 'failure painful', 'course was recommended', 'curious', 'helps to cope', 'empowering', 'improve yourself', 'avoid repeating mistakes', 'fun', 'I cannot find any reason mentioned verbally or shown visually in the video']","['have fun', 'win game', 'play music', 'play an instrument', 'bored', 'relax', 'entertain yourself', 'I cannot find any reason mentioned verbally or shown visually in the video']","['remove mask', 'clean arms and chest', 'put on mask', 'cleanse face', 'other (please write them in the provided box)']"
https://github.com/OanaIgnat/miniclips/blob/main/no_check/SdZH7AJh1WM+0:06:27+0:06:58.mp4?raw=true,https://github.com/OanaIgnat/miniclips/blob/main/no_check/zUoMZSF5JI8+0:01:49+0:02:29.mp4?raw=true,https://github.com/OanaIgnat/miniclips/blob/main/no_check/CuUsFUoZJCs+0:08:42+0:09:11.mp4?raw=true,https://github.com/OanaIgnat/miniclips/blob/main/no_check/z8L7BYVAlDQ+0:03:11+0:03:31.mp4?raw=true,https://github.com/OanaIgnat/miniclips/blob/main/spam_check/spam_video3.mp4?raw=true,cleaning,eating,learning,playing,cleaning,"['company was coming', 'do not like dirtiness', 'habit', 'self care', 'declutter', 'remove dirt', 'I cannot find any reason mentioned verbally or shown visually in the video']","['tastes good', 'were hungry', 'had craving', 'be healthy', 'enjoy', 'I cannot find any reason mentioned verbally or shown visually in the video']","['know more information', 'become educated', 'going to get tested', 'failure painful', 'course was recommended', 'curious', 'helps to cope', 'empowering', 'improve yourself', 'avoid repeating mistakes', 'fun', 'I cannot find any reason mentioned verbally or shown visually in the video']","['have fun', 'win game', 'play music', 'play an instrument', 'bored', 'relax', 'entertain yourself', 'I cannot find any reason mentioned verbally or shown visually in the video']","['remove mask', 'clean arms and chest', 'put on mask', 'cleanse face', 'other (please write them in the provided box)']"
https://github.com/OanaIgnat/miniclips/blob/main/no_check/SdZH7AJh1WM+0:11:57+0:12:51.mp4?raw=true,https://github.com/OanaIgnat/miniclips/blob/main/no_check/JPyeFIo5TSw+0:01:15+0:01:58.mp4?raw=true,https://github.com/OanaIgnat/miniclips/blob/main/no_check/sX1qsZEkyug+0:10:49+0:11:11.mp4?raw=true,https://github.com/OanaIgnat/miniclips/blob/main/no_check/f5IPAZNtfgI+0:02:35+0:03:28.mp4?raw=true,https://github.com/OanaIgnat/miniclips/blob/main/spam_check/spam_video4.mp4?raw=true,cleaning,eating,learning,reading,cleaning,"['company was coming', 'do not like dirtiness', 'habit', 'self care', 'declutter', 'remove dirt', 'I cannot find any reason mentioned verbally or shown visually in the video']","['tastes good', 'were hungry', 'had craving', 'be healthy', 'enjoy', 'I cannot find any reason mentioned verbally or shown visually in the video']","['know more information', 'become educated', 'going to get tested', 'failure painful', 'course was recommended', 'curious', 'helps to cope', 'empowering', 'improve yourself', 'avoid repeating mistakes', 'fun', 'I cannot find any reason mentioned verbally or shown visually in the video']","['appear cultured to opposite sex', 'healthy habit', 'spirituality', 'avoid technology', 'relax', 'bored', 'learn', 'appreciate', 'entertained', 'I cannot find any reason mentioned verbally or shown visually in the video']","['remove mask', 'clean arms and chest', 'put on mask', 'cleanse face', 'other (please write them in the provided box)']"
https://github.com/OanaIgnat/miniclips/blob/main/no_check/SdZH7AJh1WM+0:12:52+0:13:40.mp4?raw=true,https://github.com/OanaIgnat/miniclips/blob/main/no_check/iN-JQAhNAHo+0:03:23+0:04:33.mp4?raw=true,https://github.com/OanaIgnat/miniclips/blob/main/no_check/qZvGmB9o4SM+0:07:04+0:07:29.mp4?raw=true,https://github.com/OanaIgnat/miniclips/blob/main/no_check/xOVoINIkoAQ+0:04:38+0:05:10.mp4?raw=true,https://github.com/OanaIgnat/miniclips/blob/main/spam_check/spam_video5.mp4?raw=true,cleaning,eating,learning,reading,cleaning,"['company was coming', 'do not like dirtiness', 'habit', 'self care', 'declutter', 'remove dirt', 'I cannot find any reason mentioned verbally or shown visually in the video']","['tastes good', 'were hungry', 'had craving', 'be healthy', 'enjoy', 'I cannot find any reason mentioned verbally or shown visually in the video']","['know more information', 'become educated', 'going to get tested', 'failure painful', 'course was recommended', 'curious', 'helps to cope', 'empowering', 'improve yourself', 'avoid repeating mistakes', 'fun', 'I cannot find any reason mentioned verbally or shown visually in the video']","['appear cultured to opposite sex', 'healthy habit', 'spirituality', 'avoid technology', 'relax', 'bored', 'learn', 'appreciate', 'entertained', 'I cannot find any reason mentioned verbally or shown visually in the video']","['remove mask', 'clean arms and chest', 'put on mask', 'cleanse face', 'other (please write them in the provided box)']"
https://github.com/OanaIgnat/miniclips/blob/main/no_check/8UoAlOLmvtk+0:03:10+0:04:05.mp4?raw=true,https://github.com/OanaIgnat/miniclips/blob/main/no_check/fiEKofWmpUo+0:03:39+0:04:14.mp4?raw=true,https://github.com/OanaIgnat/miniclips/blob/main/no_check/omQiz6H2N1Q+0:04:30+0:05:04.mp4?raw=true,https://github.com/OanaIgnat/miniclips/blob/main/no_check/nFJqbmEVEws+0:04:28+0:04:51.mp4?raw=true,https://github.com/OanaIgnat/miniclips/blob/main/spam_check/spam_video1.mp4?raw=true,cleaning,eating,learning,reading,cleaning,"['company was coming', 'do not like dirtiness', 'habit', 'self care', 'declutter', 'remove dirt', 'I cannot find any reason mentioned verbally or shown visually in the video']","['tastes good', 'were hungry', 'had craving', 'be healthy', 'enjoy', 'I cannot find any reason mentioned verbally or shown visually in the video']","['know more information', 'become educated', 'going to get tested', 'failure painful', 'course was recommended', 'curious', 'helps to cope', 'empowering', 'improve yourself', 'avoid repeating mistakes', 'fun', 'I cannot find any reason mentioned verbally or shown visually in the video']","['appear cultured to opposite sex', 'healthy habit', 'spirituality', 'avoid technology', 'relax', 'bored', 'learn', 'appreciate', 'entertained', 'I cannot find any reason mentioned verbally or shown visually in the video']","['remove mask', 'clean arms and chest', 'put on mask', 'cleanse face', 'other (please write them in the provided box)']"
https://github.com/OanaIgnat/miniclips/blob/main/no_check/P_mG3wluuxQ+0:06:10+0:06:50.mp4?raw=true,https://github.com/OanaIgnat/miniclips/blob/main/no_check/8BZdLFJ-OWI+0:01:28+0:02:04.mp4?raw=true,https://github.com/OanaIgnat/miniclips/blob/main/no_check/z3OAVnZfvWA+0:02:10+0:02:34.mp4?raw=true,https://github.com/OanaIgnat/miniclips/blob/main/no_check/CD3LMdA-i2Q+0:05:29+0:05:52.mp4?raw=true,https://github.com/OanaIgnat/miniclips/blob/main/spam_check/spam_video2.mp4?raw=true,cleaning,eating,learning,reading,cleaning,"['company was coming', 'do not like dirtiness', 'habit', 'self care', 'declutter', 'remove dirt', 'I cannot find any reason mentioned verbally or shown visually in the video']","['tastes good', 'were hungry', 'had craving', 'be healthy', 'enjoy', 'I cannot find any reason mentioned verbally or shown visually in the video']","['know more information', 'become educated', 'going to get tested', 'failure painful', 'course was recommended', 'curious', 'helps to cope', 'empowering', 'improve yourself', 'avoid repeating mistakes', 'fun', 'I cannot find any reason mentioned verbally or shown visually in the video']","['appear cultured to opposite sex', 'healthy habit', 'spirituality', 'avoid technology', 'relax', 'bored', 'learn', 'appreciate', 'entertained', 'I cannot find any reason mentioned verbally or shown visually in the video']","['remove mask', 'clean arms and chest', 'put on mask', 'cleanse face', 'other (please write them in the provided box)']"
https://github.com/OanaIgnat/miniclips/blob/main/no_check/P_mG3wluuxQ+0:07:31+0:08:24.mp4?raw=true,https://github.com/OanaIgnat/miniclips/blob/main/no_check/8BZdLFJ-OWI+0:02:08+0:02:41.mp4?raw=true,https://github.com/OanaIgnat/miniclips/blob/main/no_check/i5-TgelBQT4+0:00:33+0:00:57.mp4?raw=true,https://github.com/OanaIgnat/miniclips/blob/main/no_check/YMoVgEPF6Qk+0:01:23+0:02:13.mp4?raw=true,https://github.com/OanaIgnat/miniclips/blob/main/spam_check/spam_video3.mp4?raw=true,cleaning,eating,learning,reading,cleaning,"['company was coming', 'do not like dirtiness', 'habit', 'self care', 'declutter', 'remove dirt', 'I cannot find any reason mentioned verbally or shown visually in the video']","['tastes good', 'were hungry', 'had craving', 'be healthy', 'enjoy', 'I cannot find any reason mentioned verbally or shown visually in the video']","['know more information', 'become educated', 'going to get tested', 'failure painful', 'course was recommended', 'curious', 'helps to cope', 'empowering', 'improve yourself', 'avoid repeating mistakes', 'fun', 'I cannot find any reason mentioned verbally or shown visually in the video']","['appear cultured to opposite sex', 'healthy habit', 'spirituality', 'avoid technology', 'relax', 'bored', 'learn', 'appreciate', 'entertained', 'I cannot find any reason mentioned verbally or shown visually in the video']","['remove mask', 'clean arms and chest', 'put on mask', 'cleanse face', 'other (please write them in the provided box)']"
https://github.com/OanaIgnat/miniclips/blob/main/no_check/P_mG3wluuxQ+0:08:46+0:09:22.mp4?raw=true,https://github.com/OanaIgnat/miniclips/blob/main/no_check/56HTgPfRAdQ+0:04:16+0:04:39.mp4?raw=true,https://github.com/OanaIgnat/miniclips/blob/main/no_check/1G-zz04dCQg+0:00:10+0:00:37.mp4?raw=true,https://github.com/OanaIgnat/miniclips/blob/main/no_check/paCYau71G7g+0:02:13+0:02:51.mp4?raw=true,https://github.com/OanaIgnat/miniclips/blob/main/spam_check/spam_video4.mp4?raw=true,cleaning,eating,learning,reading,cleaning,"['company was coming', 'do not like dirtiness', 'habit', 'self care', 'declutter', 'remove dirt', 'I cannot find any reason mentioned verbally or shown visually in the video']","['tastes good', 'were hungry', 'had craving', 'be healthy', 'enjoy', 'I cannot find any reason mentioned verbally or shown visually in the video']","['know more information', 'become educated', 'going to get tested', 'failure painful', 'course was recommended', 'curious', 'helps to cope', 'empowering', 'improve yourself', 'avoid repeating mistakes', 'fun', 'I cannot find any reason mentioned verbally or shown visually in the video']","['appear cultured to opposite sex', 'healthy habit', 'spirituality', 'avoid technology', 'relax', 'bored', 'learn', 'appreciate', 'entertained', 'I cannot find any reason mentioned verbally or shown visually in the video']","['remove mask', 'clean arms and chest', 'put on mask', 'cleanse face', 'other (please write them in the provided box)']"
https://github.com/OanaIgnat/miniclips/blob/main/no_check/P_mG3wluuxQ+0:10:44+0:11:57.mp4?raw=true,https://github.com/OanaIgnat/miniclips/blob/main/no_check/56HTgPfRAdQ+0:05:35+0:06:11.mp4?raw=true,https://github.com/OanaIgnat/miniclips/blob/main/no_check/ed93-q7sfaw+0:08:16+0:09:01.mp4?raw=true,https://github.com/OanaIgnat/miniclips/blob/main/no_check/MvKThbo2R2o+0:04:53+0:05:23.mp4?raw=true,https://github.com/OanaIgnat/miniclips/blob/main/spam_check/spam_video5.mp4?raw=true,cleaning,eating,learning,reading,cleaning,"['company was coming', 'do not like dirtiness', 'habit', 'self care', 'declutter', 'remove dirt', 'I cannot find any reason mentioned verbally or shown visually in the video']","['tastes good', 'were hungry', 'had craving', 'be healthy', 'enjoy', 'I cannot find any reason mentioned verbally or shown visually in the video']","['know more information', 'become educated', 'going to get tested', 'failure painful', 'course was recommended', 'curious', 'helps to cope', 'empowering', 'improve yourself', 'avoid repeating mistakes', 'fun', 'I cannot find any reason mentioned verbally or shown visually in the video']","['appear cultured to opposite sex', 'healthy habit', 'spirituality', 'avoid technology', 'relax', 'bored', 'learn', 'appreciate', 'entertained', 'I cannot find any reason mentioned verbally or shown visually in the video']","['remove mask', 'clean arms and chest', 'put on mask', 'cleanse face', 'other (please write them in the provided box)']"
https://github.com/OanaIgnat/miniclips/blob/main/no_check/QADa8CzlKpw+0:00:31+0:01:24.mp4?raw=true,https://github.com/OanaIgnat/miniclips/blob/main/no_check/-AzBDUeKA8A+0:03:03+0:03:31.mp4?raw=true,https://github.com/OanaIgnat/miniclips/blob/main/no_check/0ygVAKj95HI+0:05:23+0:05:58.mp4?raw=true,https://github.com/OanaIgnat/miniclips/blob/main/no_check/FEIexfKS8Cc+0:15:20+0:15:51.mp4?raw=true,https://github.com/OanaIgnat/miniclips/blob/main/spam_check/spam_video1.mp4?raw=true,cleaning,eating,learning,reading,cleaning,"['company was coming', 'do not like dirtiness', 'habit', 'self care', 'declutter', 'remove dirt', 'I cannot find any reason mentioned verbally or shown visually in the video']","['tastes good', 'were hungry', 'had craving', 'be healthy', 'enjoy', 'I cannot find any reason mentioned verbally or shown visually in the video']","['know more information', 'become educated', 'going to get tested', 'failure painful', 'course was recommended', 'curious', 'helps to cope', 'empowering', 'improve yourself', 'avoid repeating mistakes', 'fun', 'I cannot find any reason mentioned verbally or shown visually in the video']","['appear cultured to opposite sex', 'healthy habit', 'spirituality', 'avoid technology', 'relax', 'bored', 'learn', 'appreciate', 'entertained', 'I cannot find any reason mentioned verbally or shown visually in the video']","['remove mask', 'clean arms and chest', 'put on mask', 'cleanse face', 'other (please write them in the provided box)']"
https://github.com/OanaIgnat/miniclips/blob/main/no_check/2tryvWYlnGE+0:07:31+0:08:10.mp4?raw=true,https://github.com/OanaIgnat/miniclips/blob/main/no_check/-AzBDUeKA8A+0:03:29+0:04:05.mp4?raw=true,https://github.com/OanaIgnat/miniclips/blob/main/no_check/8BZdLFJ-OWI+0:02:36+0:03:01.mp4?raw=true,https://github.com/OanaIgnat/miniclips/blob/main/no_check/bEq8UF-3yUw+0:03:10+0:03:41.mp4?raw=true,https://github.com/OanaIgnat/miniclips/blob/main/spam_check/spam_video2.mp4?raw=true,cleaning,eating,learning,reading,cleaning,"['company was coming', 'do not like dirtiness', 'habit', 'self care', 'declutter', 'remove dirt', 'I cannot find any reason mentioned verbally or shown visually in the video']","['tastes good', 'were hungry', 'had craving', 'be healthy', 'enjoy', 'I cannot find any reason mentioned verbally or shown visually in the video']","['know more information', 'become educated', 'going to get tested', 'failure painful', 'course was recommended', 'curious', 'helps to cope', 'empowering', 'improve yourself', 'avoid repeating mistakes', 'fun', 'I cannot find any reason mentioned verbally or shown visually in the video']","['appear cultured to opposite sex', 'healthy habit', 'spirituality', 'avoid technology', 'relax', 'bored', 'learn', 'appreciate', 'entertained', 'I cannot find any reason mentioned verbally or shown visually in the video']","['remove mask', 'clean arms and chest', 'put on mask', 'cleanse face', 'other (please write them in the provided box)']"
https://github.com/OanaIgnat/miniclips/blob/main/no_check/WFxFaGLCEB4+0:00:51+0:01:24.mp4?raw=true,https://github.com/OanaIgnat/miniclips/blob/main/no_check/dVdZDNmfvpw+0:03:50+0:05:31.mp4?raw=true,https://github.com/OanaIgnat/miniclips/blob/main/no_check/Bbt9TR9ZTdI+0:03:05+0:04:14.mp4?raw=true,https://github.com/OanaIgnat/miniclips/blob/main/no_check/eZoMo4z-giw+0:01:04+0:01:41.mp4?raw=true,https://github.com/OanaIgnat/miniclips/blob/main/spam_check/spam_video3.mp4?raw=true,cleaning,eating,learning,reading,cleaning,"['company was coming', 'do not like dirtiness', 'habit', 'self care', 'declutter', 'remove dirt', 'I cannot find any reason mentioned verbally or shown visually in the video']","['tastes good', 'were hungry', 'had craving', 'be healthy', 'enjoy', 'I cannot find any reason mentioned verbally or shown visually in the video']","['know more information', 'become educated', 'going to get tested', 'failure painful', 'course was recommended', 'curious', 'helps to cope', 'empowering', 'improve yourself', 'avoid repeating mistakes', 'fun', 'I cannot find any reason mentioned verbally or shown visually in the video']","['appear cultured to opposite sex', 'healthy habit', 'spirituality', 'avoid technology', 'relax', 'bored', 'learn', 'appreciate', 'entertained', 'I cannot find any reason mentioned verbally or shown visually in the video']","['remove mask', 'clean arms and chest', 'put on mask', 'cleanse face', 'other (please write them in the provided box)']"
https://github.com/OanaIgnat/miniclips/blob/main/no_check/WFxFaGLCEB4+0:04:48+0:05:42.mp4?raw=true,https://github.com/OanaIgnat/miniclips/blob/main/no_check/wNw2G4vYzmQ+0:01:02+0:01:36.mp4?raw=true,https://github.com/OanaIgnat/miniclips/blob/main/no_check/lELpMzLth20+0:02:32+0:03:16.mp4?raw=true,https://github.com/OanaIgnat/miniclips/blob/main/no_check/8qVhvy9s85E+0:02:28+0:03:01.mp4?raw=true,https://github.com/OanaIgnat/miniclips/blob/main/spam_check/spam_video4.mp4?raw=true,cleaning,eating,learning,reading,cleaning,"['company was coming', 'do not like dirtiness', 'habit', 'self care', 'declutter', 'remove dirt', 'I cannot find any reason mentioned verbally or shown visually in the video']","['tastes good', 'were hungry', 'had craving', 'be healthy', 'enjoy', 'I cannot find any reason mentioned verbally or shown visually in the video']","['know more information', 'become educated', 'going to get tested', 'failure painful', 'course was recommended', 'curious', 'helps to cope', 'empowering', 'improve yourself', 'avoid repeating mistakes', 'fun', 'I cannot find any reason mentioned verbally or shown visually in the video']","['appear cultured to opposite sex', 'healthy habit', 'spirituality', 'avoid technology', 'relax', 'bored', 'learn', 'appreciate', 'entertained', 'I cannot find any reason mentioned verbally or shown visually in the video']","['remove mask', 'clean arms and chest', 'put on mask', 'cleanse face', 'other (please write them in the provided box)']"
https://github.com/OanaIgnat/miniclips/blob/main/no_check/WFxFaGLCEB4+0:04:50+0:05:42.mp4?raw=true,https://github.com/OanaIgnat/miniclips/blob/main/no_check/wQsVY_HXdbs+0:02:05+0:03:11.mp4?raw=true,https://github.com/OanaIgnat/miniclips/blob/main/no_check/BcbIxaIlq2k+0:05:11+0:05:46.mp4?raw=true,https://github.com/OanaIgnat/miniclips/blob/main/no_check/vDE8YzogGUI+0:05:55+0:06:26.mp4?raw=true,https://github.com/OanaIgnat/miniclips/blob/main/spam_check/spam_video5.mp4?raw=true,cleaning,eating,learning,reading,cleaning,"['company was coming', 'do not like dirtiness', 'habit', 'self care', 'declutter', 'remove dirt', 'I cannot find any reason mentioned verbally or shown visually in the video']","['tastes good', 'were hungry', 'had craving', 'be healthy', 'enjoy', 'I cannot find any reason mentioned verbally or shown visually in the video']","['know more information', 'become educated', 'going to get tested', 'failure painful', 'course was recommended', 'curious', 'helps to cope', 'empowering', 'improve yourself', 'avoid repeating mistakes', 'fun', 'I cannot find any reason mentioned verbally or shown visually in the video']","['appear cultured to opposite sex', 'healthy habit', 'spirituality', 'avoid technology', 'relax', 'bored', 'learn', 'appreciate', 'entertained', 'I cannot find any reason mentioned verbally or shown visually in the video']","['remove mask', 'clean arms and chest', 'put on mask', 'cleanse face', 'other (please write them in the provided box)']"
https://github.com/OanaIgnat/miniclips/blob/main/no_check/WFxFaGLCEB4+0:04:53+0:05:45.mp4?raw=true,https://github.com/OanaIgnat/miniclips/blob/main/no_check/8hVXnDxti1w+0:07:27+0:07:57.mp4?raw=true,https://github.com/OanaIgnat/miniclips/blob/main/no_check/wQsVY_HXdbs+0:01:54+0:02:59.mp4?raw=true,https://github.com/OanaIgnat/miniclips/blob/main/no_check/EPUd7pQHKuo+0:04:59+0:05:31.mp4?raw=true,https://github.com/OanaIgnat/miniclips/blob/main/spam_check/spam_video1.mp4?raw=true,cleaning,eating,learning,reading,cleaning,"['company was coming', 'do not like dirtiness', 'habit', 'self care', 'declutter', 'remove dirt', 'I cannot find any reason mentioned verbally or shown visually in the video']","['tastes good', 'were hungry', 'had craving', 'be healthy', 'enjoy', 'I cannot find any reason mentioned verbally or shown visually in the video']","['know more information', 'become educated', 'going to get tested', 'failure painful', 'course was recommended', 'curious', 'helps to cope', 'empowering', 'improve yourself', 'avoid repeating mistakes', 'fun', 'I cannot find any reason mentioned verbally or shown visually in the video']","['appear cultured to opposite sex', 'healthy habit', 'spirituality', 'avoid technology', 'relax', 'bored', 'learn', 'appreciate', 'entertained', 'I cannot find any reason mentioned verbally or shown visually in the video']","['remove mask', 'clean arms and chest', 'put on mask', 'cleanse face', 'other (please write them in the provided box)']"
https://github.com/OanaIgnat/miniclips/blob/main/no_check/n7iIHOcJQfM+0:01:00+0:01:46.mp4?raw=true,https://github.com/OanaIgnat/miniclips/blob/main/no_check/g3mqtmGDSdI+0:01:38+0:02:26.mp4?raw=true,https://github.com/OanaIgnat/miniclips/blob/main/no_check/GU0n39B0Kvo+0:01:42+0:02:40.mp4?raw=true,https://github.com/OanaIgnat/miniclips/blob/main/no_check/EHgBslg9T7Y+0:08:37+0:09:17.mp4?raw=true,https://github.com/OanaIgnat/miniclips/blob/main/spam_check/spam_video2.mp4?raw=true,cleaning,eating,learning,reading,cleaning,"['company was coming', 'do not like dirtiness', 'habit', 'self care', 'declutter', 'remove dirt', 'I cannot find any reason mentioned verbally or shown visually in the video']","['tastes good', 'were hungry', 'had craving', 'be healthy', 'enjoy', 'I cannot find any reason mentioned verbally or shown visually in the video']","['know more information', 'become educated', 'going to get tested', 'failure painful', 'course was recommended', 'curious', 'helps to cope', 'empowering', 'improve yourself', 'avoid repeating mistakes', 'fun', 'I cannot find any reason mentioned verbally or shown visually in the video']","['appear cultured to opposite sex', 'healthy habit', 'spirituality', 'avoid technology', 'relax', 'bored', 'learn', 'appreciate', 'entertained', 'I cannot find any reason mentioned verbally or shown visually in the video']","['remove mask', 'clean arms and chest', 'put on mask', 'cleanse face', 'other (please write them in the provided box)']"
https://github.com/OanaIgnat/miniclips/blob/main/no_check/w-wmwzAoJMU+0:01:21+0:01:59.mp4?raw=true,https://github.com/OanaIgnat/miniclips/blob/main/no_check/cQCLMbOmEAU+0:03:37+0:04:22.mp4?raw=true,https://github.com/OanaIgnat/miniclips/blob/main/no_check/GU0n39B0Kvo+0:05:38+0:06:27.mp4?raw=true,https://github.com/OanaIgnat/miniclips/blob/main/no_check/V_q5YvEE8rw+0:02:24+0:03:17.mp4?raw=true,https://github.com/OanaIgnat/miniclips/blob/main/spam_check/spam_video3.mp4?raw=true,cleaning,eating,learning,reading,cleaning,"['company was coming', 'do not like dirtiness', 'habit', 'self care', 'declutter', 'remove dirt', 'I cannot find any reason mentioned verbally or shown visually in the video']","['tastes good', 'were hungry', 'had craving', 'be healthy', 'enjoy', 'I cannot find any reason mentioned verbally or shown visually in the video']","['know more information', 'become educated', 'going to get tested', 'failure painful', 'course was recommended', 'curious', 'helps to cope', 'empowering', 'improve yourself', 'avoid repeating mistakes', 'fun', 'I cannot find any reason mentioned verbally or shown visually in the video']","['appear cultured to opposite sex', 'healthy habit', 'spirituality', 'avoid technology', 'relax', 'bored', 'learn', 'appreciate', 'entertained', 'I cannot find any reason mentioned verbally or shown visually in the video']","['remove mask', 'clean arms and chest', 'put on mask', 'cleanse face', 'other (please write them in the provided box)']"
https://github.com/OanaIgnat/miniclips/blob/main/no_check/w-wmwzAoJMU+0:05:54+0:07:42.mp4?raw=true,https://github.com/OanaIgnat/miniclips/blob/main/no_check/yl6vBuP23bE+0:00:10+0:00:51.mp4?raw=true,https://github.com/OanaIgnat/miniclips/blob/main/no_check/HoR-nNGyQpk+0:11:12+0:11:48.mp4?raw=true,https://github.com/OanaIgnat/miniclips/blob/main/no_check/V_q5YvEE8rw+0:03:23+0:03:45.mp4?raw=true,https://github.com/OanaIgnat/miniclips/blob/main/spam_check/spam_video4.mp4?raw=true,cleaning,eating,learning,reading,cleaning,"['company was coming', 'do not like dirtiness', 'habit', 'self care', 'declutter', 'remove dirt', 'I cannot find any reason mentioned verbally or shown visually in the video']","['tastes good', 'were hungry', 'had craving', 'be healthy', 'enjoy', 'I cannot find any reason mentioned verbally or shown visually in the video']","['know more information', 'become educated', 'going to get tested', 'failure painful', 'course was recommended', 'curious', 'helps to cope', 'empowering', 'improve yourself', 'avoid repeating mistakes', 'fun', 'I cannot find any reason mentioned verbally or shown visually in the video']","['appear cultured to opposite sex', 'healthy habit', 'spirituality', 'avoid technology', 'relax', 'bored', 'learn', 'appreciate', 'entertained', 'I cannot find any reason mentioned verbally or shown visually in the video']","['remove mask', 'clean arms and chest', 'put on mask', 'cleanse face', 'other (please write them in the provided box)']"
https://github.com/OanaIgnat/miniclips/blob/main/no_check/w-wmwzAoJMU+0:10:29+0:11:05.mp4?raw=true,https://github.com/OanaIgnat/miniclips/blob/main/no_check/yl6vBuP23bE+0:09:13+0:09:45.mp4?raw=true,https://github.com/OanaIgnat/miniclips/blob/main/no_check/HoR-nNGyQpk+0:11:14+0:11:53.mp4?raw=true,https://github.com/OanaIgnat/miniclips/blob/main/no_check/BEYlr6pIgw8+0:00:28+0:00:59.mp4?raw=true,https://github.com/OanaIgnat/miniclips/blob/main/spam_check/spam_video5.mp4?raw=true,cleaning,eating,learning,reading,cleaning,"['company was coming', 'do not like dirtiness', 'habit', 'self care', 'declutter', 'remove dirt', 'I cannot find any reason mentioned verbally or shown visually in the video']","['tastes good', 'were hungry', 'had craving', 'be healthy', 'enjoy', 'I cannot find any reason mentioned verbally or shown visually in the video']","['know more information', 'become educated', 'going to get tested', 'failure painful', 'course was recommended', 'curious', 'helps to cope', 'empowering', 'improve yourself', 'avoid repeating mistakes', 'fun', 'I cannot find any reason mentioned verbally or shown visually in the video']","['appear cultured to opposite sex', 'healthy habit', 'spirituality', 'avoid technology', 'relax', 'bored', 'learn', 'appreciate', 'entertained', 'I cannot find any reason mentioned verbally or shown visually in the video']","['remove mask', 'clean arms and chest', 'put on mask', 'cleanse face', 'other (please write them in the provided box)']"
https://github.com/OanaIgnat/miniclips/blob/main/no_check/w-wmwzAoJMU+0:10:31+0:11:10.mp4?raw=true,https://github.com/OanaIgnat/miniclips/blob/main/no_check/yl6vBuP23bE+0:12:11+0:12:28.mp4?raw=true,https://github.com/OanaIgnat/miniclips/blob/main/no_check/L5aduBHsYhI+0:02:52+0:03:17.mp4?raw=true,https://github.com/OanaIgnat/miniclips/blob/main/no_check/w-NeSFQqvy4+0:10:05+0:10:37.mp4?raw=true,https://github.com/OanaIgnat/miniclips/blob/main/spam_check/spam_video1.mp4?raw=true,cleaning,eating,learning,reading,cleaning,"['company was coming', 'do not like dirtiness', 'habit', 'self care', 'declutter', 'remove dirt', 'I cannot find any reason mentioned verbally or shown visually in the video']","['tastes good', 'were hungry', 'had craving', 'be healthy', 'enjoy', 'I cannot find any reason mentioned verbally or shown visually in the video']","['know more information', 'become educated', 'going to get tested', 'failure painful', 'course was recommended', 'curious', 'helps to cope', 'empowering', 'improve yourself', 'avoid repeating mistakes', 'fun', 'I cannot find any reason mentioned verbally or shown visually in the video']","['appear cultured to opposite sex', 'healthy habit', 'spirituality', 'avoid technology', 'relax', 'bored', 'learn', 'appreciate', 'entertained', 'I cannot find any reason mentioned verbally or shown visually in the video']","['remove mask', 'clean arms and chest', 'put on mask', 'cleanse face', 'other (please write them in the provided box)']"
https://github.com/OanaIgnat/miniclips/blob/main/no_check/liVF3N4wOPs+0:02:55+0:03:38.mp4?raw=true,https://github.com/OanaIgnat/miniclips/blob/main/no_check/I8CoJeOZSuo+0:01:10+0:01:38.mp4?raw=true,https://github.com/OanaIgnat/miniclips/blob/main/no_check/g3mqtmGDSdI+0:01:21+0:01:38.mp4?raw=true,https://github.com/OanaIgnat/miniclips/blob/main/no_check/3Xhkdxj1EGI+0:01:52+0:02:18.mp4?raw=true,https://github.com/OanaIgnat/miniclips/blob/main/spam_check/spam_video2.mp4?raw=true,cleaning,eating,learning,reading,cleaning,"['company was coming', 'do not like dirtiness', 'habit', 'self care', 'declutter', 'remove dirt', 'I cannot find any reason mentioned verbally or shown visually in the video']","['tastes good', 'were hungry', 'had craving', 'be healthy', 'enjoy', 'I cannot find any reason mentioned verbally or shown visually in the video']","['know more information', 'become educated', 'going to get tested', 'failure painful', 'course was recommended', 'curious', 'helps to cope', 'empowering', 'improve yourself', 'avoid repeating mistakes', 'fun', 'I cannot find any reason mentioned verbally or shown visually in the video']","['appear cultured to opposite sex', 'healthy habit', 'spirituality', 'avoid technology', 'relax', 'bored', 'learn', 'appreciate', 'entertained', 'I cannot find any reason mentioned verbally or shown visually in the video']","['remove mask', 'clean arms and chest', 'put on mask', 'cleanse face', 'other (please write them in the provided box)']"
https://github.com/OanaIgnat/miniclips/blob/main/no_check/liVF3N4wOPs+0:04:19+0:04:44.mp4?raw=true,https://github.com/OanaIgnat/miniclips/blob/main/no_check/LwRDHgTsezc+0:12:08+0:12:33.mp4?raw=true,https://github.com/OanaIgnat/miniclips/blob/main/no_check/d9X9ZZCLJrM+0:03:16+0:03:47.mp4?raw=true,https://github.com/OanaIgnat/miniclips/blob/main/no_check/3Xhkdxj1EGI+0:03:18+0:03:59.mp4?raw=true,https://github.com/OanaIgnat/miniclips/blob/main/spam_check/spam_video3.mp4?raw=true,cleaning,eating,learning,reading,cleaning,"['company was coming', 'do not like dirtiness', 'habit', 'self care', 'declutter', 'remove dirt', 'I cannot find any reason mentioned verbally or shown visually in the video']","['tastes good', 'were hungry', 'had craving', 'be healthy', 'enjoy', 'I cannot find any reason mentioned verbally or shown visually in the video']","['know more information', 'become educated', 'going to get tested', 'failure painful', 'course was recommended', 'curious', 'helps to cope', 'empowering', 'improve yourself', 'avoid repeating mistakes', 'fun', 'I cannot find any reason mentioned verbally or shown visually in the video']","['appear cultured to opposite sex', 'healthy habit', 'spirituality', 'avoid technology', 'relax', 'bored', 'learn', 'appreciate', 'entertained', 'I cannot find any reason mentioned verbally or shown visually in the video']","['remove mask', 'clean arms and chest', 'put on mask', 'cleanse face', 'other (please write them in the provided box)']"
https://github.com/OanaIgnat/miniclips/blob/main/no_check/liVF3N4wOPs+0:05:12+0:05:45.mp4?raw=true,https://github.com/OanaIgnat/miniclips/blob/main/no_check/jIFxapuUrfA+0:04:49+0:05:45.mp4?raw=true,https://github.com/OanaIgnat/miniclips/blob/main/no_check/kh0JVsujSpk+0:00:09+0:00:49.mp4?raw=true,https://github.com/OanaIgnat/miniclips/blob/main/no_check/3Xhkdxj1EGI+0:04:25+0:04:55.mp4?raw=true,https://github.com/OanaIgnat/miniclips/blob/main/spam_check/spam_video4.mp4?raw=true,cleaning,eating,learning,reading,cleaning,"['company was coming', 'do not like dirtiness', 'habit', 'self care', 'declutter', 'remove dirt', 'I cannot find any reason mentioned verbally or shown visually in the video']","['tastes good', 'were hungry', 'had craving', 'be healthy', 'enjoy', 'I cannot find any reason mentioned verbally or shown visually in the video']","['know more information', 'become educated', 'going to get tested', 'failure painful', 'course was recommended', 'curious', 'helps to cope', 'empowering', 'improve yourself', 'avoid repeating mistakes', 'fun', 'I cannot find any reason mentioned verbally or shown visually in the video']","['appear cultured to opposite sex', 'healthy habit', 'spirituality', 'avoid technology', 'relax', 'bored', 'learn', 'appreciate', 'entertained', 'I cannot find any reason mentioned verbally or shown visually in the video']","['remove mask', 'clean arms and chest', 'put on mask', 'cleanse face', 'other (please write them in the provided box)']"
https://github.com/OanaIgnat/miniclips/blob/main/no_check/T9nLqTKKUGc+0:00:54+0:01:18.mp4?raw=true,https://github.com/OanaIgnat/miniclips/blob/main/no_check/0yGzWZ1yDjo+0:04:30+0:04:57.mp4?raw=true,https://github.com/OanaIgnat/miniclips/blob/main/no_check/f8LEZHbk__Y+0:05:11+0:05:46.mp4?raw=true,https://github.com/OanaIgnat/miniclips/blob/main/no_check/kpLE6vOirU8+0:03:51+0:04:18.mp4?raw=true,https://github.com/OanaIgnat/miniclips/blob/main/spam_check/spam_video5.mp4?raw=true,cleaning,eating,learning,reading,cleaning,"['company was coming', 'do not like dirtiness', 'habit', 'self care', 'declutter', 'remove dirt', 'I cannot find any reason mentioned verbally or shown visually in the video']","['tastes good', 'were hungry', 'had craving', 'be healthy', 'enjoy', 'I cannot find any reason mentioned verbally or shown visually in the video']","['know more information', 'become educated', 'going to get tested', 'failure painful', 'course was recommended', 'curious', 'helps to cope', 'empowering', 'improve yourself', 'avoid repeating mistakes', 'fun', 'I cannot find any reason mentioned verbally or shown visually in the video']","['appear cultured to opposite sex', 'healthy habit', 'spirituality', 'avoid technology', 'relax', 'bored', 'learn', 'appreciate', 'entertained', 'I cannot find any reason mentioned verbally or shown visually in the video']","['remove mask', 'clean arms and chest', 'put on mask', 'cleanse face', 'other (please write them in the provided box)']"
https://github.com/OanaIgnat/miniclips/blob/main/no_check/KMrWKck0WmU+0:00:47+0:01:30.mp4?raw=true,https://github.com/OanaIgnat/miniclips/blob/main/no_check/TlHYvAMImck+0:01:21+0:01:46.mp4?raw=true,https://github.com/OanaIgnat/miniclips/blob/main/no_check/f8LEZHbk__Y+0:09:20+0:09:58.mp4?raw=true,https://github.com/OanaIgnat/miniclips/blob/main/no_check/wEolBXIwryw+0:02:36+0:03:20.mp4?raw=true,https://github.com/OanaIgnat/miniclips/blob/main/spam_check/spam_video1.mp4?raw=true,cleaning,eating,learning,reading,cleaning,"['company was coming', 'do not like dirtiness', 'habit', 'self care', 'declutter', 'remove dirt', 'I cannot find any reason mentioned verbally or shown visually in the video']","['tastes good', 'were hungry', 'had craving', 'be healthy', 'enjoy', 'I cannot find any reason mentioned verbally or shown visually in the video']","['know more information', 'become educated', 'going to get tested', 'failure painful', 'course was recommended', 'curious', 'helps to cope', 'empowering', 'improve yourself', 'avoid repeating mistakes', 'fun', 'I cannot find any reason mentioned verbally or shown visually in the video']","['appear cultured to opposite sex', 'healthy habit', 'spirituality', 'avoid technology', 'relax', 'bored', 'learn', 'appreciate', 'entertained', 'I cannot find any reason mentioned verbally or shown visually in the video']","['remove mask', 'clean arms and chest', 'put on mask', 'cleanse face', 'other (please write them in the provided box)']"
https://github.com/OanaIgnat/miniclips/blob/main/no_check/ONe2stQ8-zo+0:04:21+0:04:53.mp4?raw=true,https://github.com/OanaIgnat/miniclips/blob/main/no_check/ULn2ow_vuGo+0:03:05+0:03:47.mp4?raw=true,https://github.com/OanaIgnat/miniclips/blob/main/no_check/rU8APAwp6io+0:02:05+0:04:18.mp4?raw=true,https://github.com/OanaIgnat/miniclips/blob/main/no_check/kyhnX1gfNUo+0:06:52+0:07:19.mp4?raw=true,https://github.com/OanaIgnat/miniclips/blob/main/spam_check/spam_video2.mp4?raw=true,cleaning,eating,learning,reading,cleaning,"['company was coming', 'do not like dirtiness', 'habit', 'self care', 'declutter', 'remove dirt', 'I cannot find any reason mentioned verbally or shown visually in the video']","['tastes good', 'were hungry', 'had craving', 'be healthy', 'enjoy', 'I cannot find any reason mentioned verbally or shown visually in the video']","['know more information', 'become educated', 'going to get tested', 'failure painful', 'course was recommended', 'curious', 'helps to cope', 'empowering', 'improve yourself', 'avoid repeating mistakes', 'fun', 'I cannot find any reason mentioned verbally or shown visually in the video']","['appear cultured to opposite sex', 'healthy habit', 'spirituality', 'avoid technology', 'relax', 'bored', 'learn', 'appreciate', 'entertained', 'I cannot find any reason mentioned verbally or shown visually in the video']","['remove mask', 'clean arms and chest', 'put on mask', 'cleanse face', 'other (please write them in the provided box)']"
https://github.com/OanaIgnat/miniclips/blob/main/no_check/ONe2stQ8-zo+0:04:53+0:06:03.mp4?raw=true,https://github.com/OanaIgnat/miniclips/blob/main/no_check/hWTVnisq4A4+0:03:43+0:04:07.mp4?raw=true,https://github.com/OanaIgnat/miniclips/blob/main/no_check/YMoVgEPF6Qk+0:03:41+0:04:50.mp4?raw=true,https://github.com/OanaIgnat/miniclips/blob/main/no_check/P5DSDLgT2qc+0:02:14+0:02:36.mp4?raw=true,https://github.com/OanaIgnat/miniclips/blob/main/spam_check/spam_video3.mp4?raw=true,cleaning,eating,learning,reading,cleaning,"['company was coming', 'do not like dirtiness', 'habit', 'self care', 'declutter', 'remove dirt', 'I cannot find any reason mentioned verbally or shown visually in the video']","['tastes good', 'were hungry', 'had craving', 'be healthy', 'enjoy', 'I cannot find any reason mentioned verbally or shown visually in the video']","['know more information', 'become educated', 'going to get tested', 'failure painful', 'course was recommended', 'curious', 'helps to cope', 'empowering', 'improve yourself', 'avoid repeating mistakes', 'fun', 'I cannot find any reason mentioned verbally or shown visually in the video']","['appear cultured to opposite sex', 'healthy habit', 'spirituality', 'avoid technology', 'relax', 'bored', 'learn', 'appreciate', 'entertained', 'I cannot find any reason mentioned verbally or shown visually in the video']","['remove mask', 'clean arms and chest', 'put on mask', 'cleanse face', 'other (please write them in the provided box)']"
https://github.com/OanaIgnat/miniclips/blob/main/no_check/ONe2stQ8-zo+0:06:16+0:06:47.mp4?raw=true,https://github.com/OanaIgnat/miniclips/blob/main/no_check/05cEHfS4Xy4+0:10:22+0:10:51.mp4?raw=true,https://github.com/OanaIgnat/miniclips/blob/main/no_check/6_O7850BkO8+0:02:18+0:02:35.mp4?raw=true,https://github.com/OanaIgnat/miniclips/blob/main/no_check/Wj7bLQVWwJE+0:02:22+0:03:02.mp4?raw=true,https://github.com/OanaIgnat/miniclips/blob/main/spam_check/spam_video4.mp4?raw=true,cleaning,eating,learning,reading,cleaning,"['company was coming', 'do not like dirtiness', 'habit', 'self care', 'declutter', 'remove dirt', 'I cannot find any reason mentioned verbally or shown visually in the video']","['tastes good', 'were hungry', 'had craving', 'be healthy', 'enjoy', 'I cannot find any reason mentioned verbally or shown visually in the video']","['know more information', 'become educated', 'going to get tested', 'failure painful', 'course was recommended', 'curious', 'helps to cope', 'empowering', 'improve yourself', 'avoid repeating mistakes', 'fun', 'I cannot find any reason mentioned verbally or shown visually in the video']","['appear cultured to opposite sex', 'healthy habit', 'spirituality', 'avoid technology', 'relax', 'bored', 'learn', 'appreciate', 'entertained', 'I cannot find any reason mentioned verbally or shown visually in the video']","['remove mask', 'clean arms and chest', 'put on mask', 'cleanse face', 'other (please write them in the provided box)']"
https://github.com/OanaIgnat/miniclips/blob/main/no_check/v5LP66WiJgI+0:01:16+0:01:36.mp4?raw=true,https://github.com/OanaIgnat/miniclips/blob/main/no_check/paCYau71G7g+0:02:13+0:02:51.mp4?raw=true,https://github.com/OanaIgnat/miniclips/blob/main/no_check/6_O7850BkO8+0:07:29+0:08:09.mp4?raw=true,https://github.com/OanaIgnat/miniclips/blob/main/no_check/mvPxyUkXJaU+0:02:22+0:02:51.mp4?raw=true,https://github.com/OanaIgnat/miniclips/blob/main/spam_check/spam_video5.mp4?raw=true,cleaning,eating,learning,reading,cleaning,"['company was coming', 'do not like dirtiness', 'habit', 'self care', 'declutter', 'remove dirt', 'I cannot find any reason mentioned verbally or shown visually in the video']","['tastes good', 'were hungry', 'had craving', 'be healthy', 'enjoy', 'I cannot find any reason mentioned verbally or shown visually in the video']","['know more information', 'become educated', 'going to get tested', 'failure painful', 'course was recommended', 'curious', 'helps to cope', 'empowering', 'improve yourself', 'avoid repeating mistakes', 'fun', 'I cannot find any reason mentioned verbally or shown visually in the video']","['appear cultured to opposite sex', 'healthy habit', 'spirituality', 'avoid technology', 'relax', 'bored', 'learn', 'appreciate', 'entertained', 'I cannot find any reason mentioned verbally or shown visually in the video']","['remove mask', 'clean arms and chest', 'put on mask', 'cleanse face', 'other (please write them in the provided box)']"
https://github.com/OanaIgnat/miniclips/blob/main/no_check/z1-FPCrq_dE+0:01:15+0:02:00.mp4?raw=true,https://github.com/OanaIgnat/miniclips/blob/main/no_check/S3oR9j84v-4+0:04:18+0:04:43.mp4?raw=true,https://github.com/OanaIgnat/miniclips/blob/main/no_check/6_O7850BkO8+0:09:34+0:10:23.mp4?raw=true,https://github.com/OanaIgnat/miniclips/blob/main/no_check/fOfx8wa49xg+0:07:12+0:07:50.mp4?raw=true,https://github.com/OanaIgnat/miniclips/blob/main/spam_check/spam_video1.mp4?raw=true,cleaning,eating,learning,reading,cleaning,"['company was coming', 'do not like dirtiness', 'habit', 'self care', 'declutter', 'remove dirt', 'I cannot find any reason mentioned verbally or shown visually in the video']","['tastes good', 'were hungry', 'had craving', 'be healthy', 'enjoy', 'I cannot find any reason mentioned verbally or shown visually in the video']","['know more information', 'become educated', 'going to get tested', 'failure painful', 'course was recommended', 'curious', 'helps to cope', 'empowering', 'improve yourself', 'avoid repeating mistakes', 'fun', 'I cannot find any reason mentioned verbally or shown visually in the video']","['appear cultured to opposite sex', 'healthy habit', 'spirituality', 'avoid technology', 'relax', 'bored', 'learn', 'appreciate', 'entertained', 'I cannot find any reason mentioned verbally or shown visually in the video']","['remove mask', 'clean arms and chest', 'put on mask', 'cleanse face', 'other (please write them in the provided box)']"
https://github.com/OanaIgnat/miniclips/blob/main/no_check/huFd9iEAeLQ+0:07:10+0:07:37.mp4?raw=true,https://github.com/OanaIgnat/miniclips/blob/main/no_check/Wd4aL8okbPA+0:08:17+0:08:45.mp4?raw=true,https://github.com/OanaIgnat/miniclips/blob/main/no_check/LgDe691sV-4+0:02:50+0:03:33.mp4?raw=true,https://github.com/OanaIgnat/miniclips/blob/main/no_check/o3ZBLmFKbvA+0:00:13+0:00:44.mp4?raw=true,https://github.com/OanaIgnat/miniclips/blob/main/spam_check/spam_video2.mp4?raw=true,cleaning,eating,learning,reading,cleaning,"['company was coming', 'do not like dirtiness', 'habit', 'self care', 'declutter', 'remove dirt', 'I cannot find any reason mentioned verbally or shown visually in the video']","['tastes good', 'were hungry', 'had craving', 'be healthy', 'enjoy', 'I cannot find any reason mentioned verbally or shown visually in the video']","['know more information', 'become educated', 'going to get tested', 'failure painful', 'course was recommended', 'curious', 'helps to cope', 'empowering', 'improve yourself', 'avoid repeating mistakes', 'fun', 'I cannot find any reason mentioned verbally or shown visually in the video']","['appear cultured to opposite sex', 'healthy habit', 'spirituality', 'avoid technology', 'relax', 'bored', 'learn', 'appreciate', 'entertained', 'I cannot find any reason mentioned verbally or shown visually in the video']","['remove mask', 'clean arms and chest', 'put on mask', 'cleanse face', 'other (please write them in the provided box)']"
https://github.com/OanaIgnat/miniclips/blob/main/no_check/f5IPAZNtfgI+0:02:46+0:03:35.mp4?raw=true,https://github.com/OanaIgnat/miniclips/blob/main/no_check/nF2OjpzmTDc+0:01:13+0:01:48.mp4?raw=true,https://github.com/OanaIgnat/miniclips/blob/main/no_check/yS0glv9mbDg+0:00:13+0:00:41.mp4?raw=true,https://github.com/OanaIgnat/miniclips/blob/main/no_check/o3ZBLmFKbvA+0:00:39+0:01:02.mp4?raw=true,https://github.com/OanaIgnat/miniclips/blob/main/spam_check/spam_video3.mp4?raw=true,cleaning,eating,learning,reading,cleaning,"['company was coming', 'do not like dirtiness', 'habit', 'self care', 'declutter', 'remove dirt', 'I cannot find any reason mentioned verbally or shown visually in the video']","['tastes good', 'were hungry', 'had craving', 'be healthy', 'enjoy', 'I cannot find any reason mentioned verbally or shown visually in the video']","['know more information', 'become educated', 'going to get tested', 'failure painful', 'course was recommended', 'curious', 'helps to cope', 'empowering', 'improve yourself', 'avoid repeating mistakes', 'fun', 'I cannot find any reason mentioned verbally or shown visually in the video']","['appear cultured to opposite sex', 'healthy habit', 'spirituality', 'avoid technology', 'relax', 'bored', 'learn', 'appreciate', 'entertained', 'I cannot find any reason mentioned verbally or shown visually in the video']","['remove mask', 'clean arms and chest', 'put on mask', 'cleanse face', 'other (please write them in the provided box)']"
https://github.com/OanaIgnat/miniclips/blob/main/no_check/NPeyqx17TWg+0:06:21+0:06:59.mp4?raw=true,https://github.com/OanaIgnat/miniclips/blob/main/no_check/NU_zCvGiUjc+0:05:27+0:05:59.mp4?raw=true,https://github.com/OanaIgnat/miniclips/blob/main/no_check/KXd2KiiVWnU+0:05:44+0:06:26.mp4?raw=true,https://github.com/OanaIgnat/miniclips/blob/main/no_check/o3ZBLmFKbvA+0:04:27+0:04:46.mp4?raw=true,https://github.com/OanaIgnat/miniclips/blob/main/spam_check/spam_video4.mp4?raw=true,cleaning,eating,learning,reading,cleaning,"['company was coming', 'do not like dirtiness', 'habit', 'self care', 'declutter', 'remove dirt', 'I cannot find any reason mentioned verbally or shown visually in the video']","['tastes good', 'were hungry', 'had craving', 'be healthy', 'enjoy', 'I cannot find any reason mentioned verbally or shown visually in the video']","['know more information', 'become educated', 'going to get tested', 'failure painful', 'course was recommended', 'curious', 'helps to cope', 'empowering', 'improve yourself', 'avoid repeating mistakes', 'fun', 'I cannot find any reason mentioned verbally or shown visually in the video']","['appear cultured to opposite sex', 'healthy habit', 'spirituality', 'avoid technology', 'relax', 'bored', 'learn', 'appreciate', 'entertained', 'I cannot find any reason mentioned verbally or shown visually in the video']","['remove mask', 'clean arms and chest', 'put on mask', 'cleanse face', 'other (please write them in the provided box)']"
https://github.com/OanaIgnat/miniclips/blob/main/no_check/NPeyqx17TWg+0:07:00+0:08:01.mp4?raw=true,https://github.com/OanaIgnat/miniclips/blob/main/no_check/HCzpMqTU6Yo+0:07:27+0:07:59.mp4?raw=true,https://github.com/OanaIgnat/miniclips/blob/main/no_check/KXd2KiiVWnU+0:11:30+0:12:05.mp4?raw=true,https://github.com/OanaIgnat/miniclips/blob/main/no_check/o3ZBLmFKbvA+0:05:10+0:05:58.mp4?raw=true,https://github.com/OanaIgnat/miniclips/blob/main/spam_check/spam_video5.mp4?raw=true,cleaning,eating,learning,reading,cleaning,"['company was coming', 'do not like dirtiness', 'habit', 'self care', 'declutter', 'remove dirt', 'I cannot find any reason mentioned verbally or shown visually in the video']","['tastes good', 'were hungry', 'had craving', 'be healthy', 'enjoy', 'I cannot find any reason mentioned verbally or shown visually in the video']","['know more information', 'become educated', 'going to get tested', 'failure painful', 'course was recommended', 'curious', 'helps to cope', 'empowering', 'improve yourself', 'avoid repeating mistakes', 'fun', 'I cannot find any reason mentioned verbally or shown visually in the video']","['appear cultured to opposite sex', 'healthy habit', 'spirituality', 'avoid technology', 'relax', 'bored', 'learn', 'appreciate', 'entertained', 'I cannot find any reason mentioned verbally or shown visually in the video']","['remove mask', 'clean arms and chest', 'put on mask', 'cleanse face', 'other (please write them in the provided box)']"